filename,moisture
0%_cropped_frame0000.jpg,0
0%_cropped_frame0001.jpg,0
0%_cropped_frame0002.jpg,0
0%_cropped_frame0003.jpg,0
0%_cropped_frame0004.jpg,0
0%_cropped_frame0005.jpg,0
0%_cropped_frame0006.jpg,0
0%_cropped_frame0007.jpg,0
0%_cropped_frame0008.jpg,0
0%_cropped_frame0009.jpg,0
0%_cropped_frame0010.jpg,0
0%_cropped_frame0011.jpg,0
0%_cropped_frame0012.jpg,0
0%_cropped_frame0013.jpg,0
0%_cropped_frame0014.jpg,0
0%_cropped_frame0015.jpg,0
0%_cropped_frame0016.jpg,0
0%_cropped_frame0017.jpg,0
0%_cropped_frame0018.jpg,0
0%_cropped_frame0019.jpg,0
0%_cropped_frame0020.jpg,0
0%_cropped_frame0021.jpg,0
0%_cropped_frame0022.jpg,0
0%_cropped_frame0023.jpg,0
0%_cropped_frame0024.jpg,0
0%_cropped_frame0025.jpg,0
0%_cropped_frame0026.jpg,0
0%_cropped_frame0027.jpg,0
0%_cropped_frame0028.jpg,0
0%_cropped_frame0029.jpg,0
0%_cropped_frame0030.jpg,0
0%_cropped_frame0031.jpg,0
0%_cropped_frame0032.jpg,0
0%_cropped_frame0033.jpg,0
0%_cropped_frame0034.jpg,0
0%_cropped_frame0035.jpg,0
0%_cropped_frame0036.jpg,0
0%_cropped_frame0037.jpg,0
0%_cropped_frame0038.jpg,0
0%_cropped_frame0039.jpg,0
0%_cropped_frame0040.jpg,0
0%_cropped_frame0041.jpg,0
0%_cropped_frame0042.jpg,0
0%_cropped_frame0043.jpg,0
0%_cropped_frame0044.jpg,0
0%_cropped_frame0045.jpg,0
0%_cropped_frame0046.jpg,0
0%_cropped_frame0047.jpg,0
0%_cropped_frame0048.jpg,0
0%_cropped_frame0049.jpg,0
0%_cropped_frame0050.jpg,0
0%_cropped_frame0051.jpg,0
0%_cropped_frame0052.jpg,0
0%_cropped_frame0053.jpg,0
0%_cropped_frame0054.jpg,0
0%_cropped_frame0055.jpg,0
0%_cropped_frame0056.jpg,0
0%_cropped_frame0057.jpg,0
0%_cropped_frame0058.jpg,0
0%_cropped_frame0059.jpg,0
0%_cropped_frame0060.jpg,0
0%_cropped_frame0061.jpg,0
0%_cropped_frame0062.jpg,0
0%_cropped_frame0063.jpg,0
0%_cropped_frame0064.jpg,0
0%_cropped_frame0065.jpg,0
0%_cropped_frame0066.jpg,0
0%_cropped_frame0067.jpg,0
0%_cropped_frame0068.jpg,0
0%_cropped_frame0069.jpg,0
0%_cropped_frame0070.jpg,0
0%_cropped_frame0071.jpg,0
0%_cropped_frame0072.jpg,0
0%_cropped_frame0073.jpg,0
0%_cropped_frame0074.jpg,0
0%_cropped_frame0075.jpg,0
0%_cropped_frame0076.jpg,0
0%_cropped_frame0077.jpg,0
0%_cropped_frame0078.jpg,0
0%_cropped_frame0079.jpg,0
0%_cropped_frame0080.jpg,0
0%_cropped_frame0081.jpg,0
0%_cropped_frame0082.jpg,0
0%_cropped_frame0083.jpg,0
0%_cropped_frame0084.jpg,0
0%_cropped_frame0085.jpg,0
0%_cropped_frame0086.jpg,0
0%_cropped_frame0087.jpg,0
0%_cropped_frame0088.jpg,0
0%_cropped_frame0089.jpg,0
0%_cropped_frame0090.jpg,0
0%_cropped_frame0091.jpg,0
0%_cropped_frame0092.jpg,0
0%_cropped_frame0093.jpg,0
0%_cropped_frame0094.jpg,0
0%_cropped_frame0095.jpg,0
0%_cropped_frame0096.jpg,0
0%_cropped_frame0097.jpg,0
0%_cropped_frame0098.jpg,0
0%_cropped_frame0099.jpg,0
0%_cropped_frame0100.jpg,0
0%_cropped_frame0101.jpg,0
0%_cropped_frame0102.jpg,0
0%_cropped_frame0103.jpg,0
0%_cropped_frame0104.jpg,0
0%_cropped_frame0105.jpg,0
0%_cropped_frame0106.jpg,0
0%_cropped_frame0107.jpg,0
0%_cropped_frame0108.jpg,0
0%_cropped_frame0109.jpg,0
0%_cropped_frame0110.jpg,0
0%_cropped_frame0111.jpg,0
0%_cropped_frame0112.jpg,0
0%_cropped_frame0113.jpg,0
0%_cropped_frame0114.jpg,0
0%_cropped_frame0115.jpg,0
0%_cropped_frame0116.jpg,0
0%_cropped_frame0117.jpg,0
0%_cropped_frame0118.jpg,0
0%_cropped_frame0119.jpg,0
0%_cropped_frame0120.jpg,0
0%_cropped_frame0121.jpg,0
0%_cropped_frame0122.jpg,0
0%_cropped_frame0123.jpg,0
0%_cropped_frame0124.jpg,0
0%_cropped_frame0125.jpg,0
0%_cropped_frame0126.jpg,0
0%_cropped_frame0127.jpg,0
0%_cropped_frame0128.jpg,0
0%_cropped_frame0129.jpg,0
0%_cropped_frame0130.jpg,0
0%_cropped_frame0131.jpg,0
0%_cropped_frame0132.jpg,0
0%_cropped_frame0133.jpg,0
0%_cropped_frame0134.jpg,0
0%_cropped_frame0135.jpg,0
0%_cropped_frame0136.jpg,0
0%_cropped_frame0137.jpg,0
0%_cropped_frame0138.jpg,0
0%_cropped_frame0139.jpg,0
0%_cropped_frame0140.jpg,0
0%_cropped_frame0141.jpg,0
0%_cropped_frame0142.jpg,0
0%_cropped_frame0143.jpg,0
0%_cropped_frame0144.jpg,0
0%_cropped_frame0145.jpg,0
0%_cropped_frame0146.jpg,0
0%_cropped_frame0147.jpg,0
0%_cropped_frame0148.jpg,0
0%_cropped_frame0149.jpg,0
0%_cropped_frame0150.jpg,0
0%_cropped_frame0151.jpg,0
0%_cropped_frame0152.jpg,0
0%_cropped_frame0153.jpg,0
0%_cropped_frame0154.jpg,0
0%_cropped_frame0155.jpg,0
0%_cropped_frame0156.jpg,0
0%_cropped_frame0157.jpg,0
0%_cropped_frame0158.jpg,0
0%_cropped_frame0159.jpg,0
0%_cropped_frame0160.jpg,0
0%_cropped_frame0161.jpg,0
0%_cropped_frame0162.jpg,0
0%_cropped_frame0163.jpg,0
0%_cropped_frame0164.jpg,0
0%_cropped_frame0165.jpg,0
0%_cropped_frame0166.jpg,0
0%_cropped_frame0167.jpg,0
0%_cropped_frame0168.jpg,0
0%_cropped_frame0169.jpg,0
0%_cropped_frame0170.jpg,0
0%_cropped_frame0171.jpg,0
0%_cropped_frame0172.jpg,0
0%_cropped_frame0173.jpg,0
0%_cropped_frame0174.jpg,0
0%_cropped_frame0175.jpg,0
0%_cropped_frame0176.jpg,0
0%_cropped_frame0177.jpg,0
0%_cropped_frame0178.jpg,0
0%_cropped_frame0179.jpg,0
0%_cropped_frame0180.jpg,0
0%_cropped_frame0181.jpg,0
0%_cropped_frame0182.jpg,0
0%_cropped_frame0183.jpg,0
0%_cropped_frame0184.jpg,0
0%_cropped_frame0185.jpg,0
0%_cropped_frame0186.jpg,0
0%_cropped_frame0187.jpg,0
0%_cropped_frame0188.jpg,0
0%_cropped_frame0189.jpg,0
0%_cropped_frame0190.jpg,0
0%_cropped_frame0191.jpg,0
0%_cropped_frame0192.jpg,0
0%_cropped_frame0193.jpg,0
0%_cropped_frame0194.jpg,0
0%_cropped_frame0195.jpg,0
0%_cropped_frame0196.jpg,0
0%_cropped_frame0197.jpg,0
0%_cropped_frame0198.jpg,0
0%_cropped_frame0199.jpg,0
0%_cropped_frame0200.jpg,0
0%_cropped_frame0201.jpg,0
0%_cropped_frame0202.jpg,0
0%_cropped_frame0203.jpg,0
0%_cropped_frame0204.jpg,0
0%_cropped_frame0205.jpg,0
0%_cropped_frame0206.jpg,0
0%_cropped_frame0207.jpg,0
0%_cropped_frame0208.jpg,0
0%_cropped_frame0209.jpg,0
0%_cropped_frame0210.jpg,0
0%_cropped_frame0211.jpg,0
0%_cropped_frame0212.jpg,0
0%_cropped_frame0213.jpg,0
0%_cropped_frame0214.jpg,0
0%_cropped_frame0215.jpg,0
0%_cropped_frame0216.jpg,0
0%_cropped_frame0217.jpg,0
0%_cropped_frame0218.jpg,0
0%_cropped_frame0219.jpg,0
0%_cropped_frame0220.jpg,0
0%_cropped_frame0221.jpg,0
0%_cropped_frame0222.jpg,0
0%_cropped_frame0223.jpg,0
0%_cropped_frame0224.jpg,0
0%_cropped_frame0225.jpg,0
0%_cropped_frame0226.jpg,0
0%_cropped_frame0227.jpg,0
0%_cropped_frame0228.jpg,0
0%_cropped_frame0229.jpg,0
0%_cropped_frame0230.jpg,0
0%_cropped_frame0231.jpg,0
0%_cropped_frame0232.jpg,0
0%_cropped_frame0233.jpg,0
0%_cropped_frame0234.jpg,0
0%_cropped_frame0235.jpg,0
0%_cropped_frame0236.jpg,0
0%_cropped_frame0237.jpg,0
0%_cropped_frame0238.jpg,0
0%_cropped_frame0239.jpg,0
0%_cropped_frame0240.jpg,0
0%_cropped_frame0241.jpg,0
0%_cropped_frame0242.jpg,0
0%_cropped_frame0243.jpg,0
0%_cropped_frame0244.jpg,0
0%_cropped_frame0245.jpg,0
0%_cropped_frame0246.jpg,0
0%_cropped_frame0247.jpg,0
0%_cropped_frame0248.jpg,0
0%_cropped_frame0249.jpg,0
0%_cropped_frame0250.jpg,0
0%_cropped_frame0251.jpg,0
0%_cropped_frame0252.jpg,0
0%_cropped_frame0253.jpg,0
0%_cropped_frame0254.jpg,0
0%_cropped_frame0255.jpg,0
0%_cropped_frame0256.jpg,0
0%_cropped_frame0257.jpg,0
0%_cropped_frame0258.jpg,0
0%_cropped_frame0259.jpg,0
0%_cropped_frame0260.jpg,0
0%_cropped_frame0261.jpg,0
0%_cropped_frame0262.jpg,0
0%_cropped_frame0263.jpg,0
0%_cropped_frame0264.jpg,0
0%_cropped_frame0265.jpg,0
0%_cropped_frame0266.jpg,0
0%_cropped_frame0267.jpg,0
0%_cropped_frame0268.jpg,0
0%_cropped_frame0269.jpg,0
1%_cropped_frame0000.jpg,1
1%_cropped_frame0001.jpg,1
1%_cropped_frame0002.jpg,1
1%_cropped_frame0003.jpg,1
1%_cropped_frame0004.jpg,1
1%_cropped_frame0005.jpg,1
1%_cropped_frame0006.jpg,1
1%_cropped_frame0007.jpg,1
1%_cropped_frame0008.jpg,1
1%_cropped_frame0009.jpg,1
1%_cropped_frame0010.jpg,1
1%_cropped_frame0011.jpg,1
1%_cropped_frame0012.jpg,1
1%_cropped_frame0013.jpg,1
1%_cropped_frame0014.jpg,1
1%_cropped_frame0015.jpg,1
1%_cropped_frame0016.jpg,1
1%_cropped_frame0017.jpg,1
1%_cropped_frame0018.jpg,1
1%_cropped_frame0019.jpg,1
1%_cropped_frame0020.jpg,1
1%_cropped_frame0021.jpg,1
1%_cropped_frame0022.jpg,1
1%_cropped_frame0023.jpg,1
1%_cropped_frame0024.jpg,1
1%_cropped_frame0025.jpg,1
1%_cropped_frame0026.jpg,1
1%_cropped_frame0027.jpg,1
1%_cropped_frame0028.jpg,1
1%_cropped_frame0029.jpg,1
1%_cropped_frame0030.jpg,1
1%_cropped_frame0031.jpg,1
1%_cropped_frame0032.jpg,1
1%_cropped_frame0033.jpg,1
1%_cropped_frame0034.jpg,1
1%_cropped_frame0035.jpg,1
1%_cropped_frame0036.jpg,1
1%_cropped_frame0037.jpg,1
1%_cropped_frame0038.jpg,1
1%_cropped_frame0039.jpg,1
1%_cropped_frame0040.jpg,1
1%_cropped_frame0041.jpg,1
1%_cropped_frame0042.jpg,1
1%_cropped_frame0043.jpg,1
1%_cropped_frame0044.jpg,1
1%_cropped_frame0045.jpg,1
1%_cropped_frame0046.jpg,1
1%_cropped_frame0047.jpg,1
1%_cropped_frame0048.jpg,1
1%_cropped_frame0049.jpg,1
1%_cropped_frame0050.jpg,1
1%_cropped_frame0051.jpg,1
1%_cropped_frame0052.jpg,1
1%_cropped_frame0053.jpg,1
1%_cropped_frame0054.jpg,1
1%_cropped_frame0055.jpg,1
1%_cropped_frame0056.jpg,1
1%_cropped_frame0057.jpg,1
1%_cropped_frame0058.jpg,1
1%_cropped_frame0059.jpg,1
1%_cropped_frame0060.jpg,1
1%_cropped_frame0061.jpg,1
1%_cropped_frame0062.jpg,1
1%_cropped_frame0063.jpg,1
1%_cropped_frame0064.jpg,1
1%_cropped_frame0065.jpg,1
1%_cropped_frame0066.jpg,1
1%_cropped_frame0067.jpg,1
1%_cropped_frame0068.jpg,1
1%_cropped_frame0069.jpg,1
1%_cropped_frame0070.jpg,1
1%_cropped_frame0071.jpg,1
1%_cropped_frame0072.jpg,1
1%_cropped_frame0073.jpg,1
1%_cropped_frame0074.jpg,1
1%_cropped_frame0075.jpg,1
1%_cropped_frame0076.jpg,1
1%_cropped_frame0077.jpg,1
1%_cropped_frame0078.jpg,1
1%_cropped_frame0079.jpg,1
1%_cropped_frame0080.jpg,1
1%_cropped_frame0081.jpg,1
1%_cropped_frame0082.jpg,1
1%_cropped_frame0083.jpg,1
1%_cropped_frame0084.jpg,1
1%_cropped_frame0085.jpg,1
1%_cropped_frame0086.jpg,1
1%_cropped_frame0087.jpg,1
1%_cropped_frame0088.jpg,1
1%_cropped_frame0089.jpg,1
1%_cropped_frame0090.jpg,1
1%_cropped_frame0091.jpg,1
1%_cropped_frame0092.jpg,1
1%_cropped_frame0093.jpg,1
1%_cropped_frame0094.jpg,1
1%_cropped_frame0095.jpg,1
1%_cropped_frame0096.jpg,1
1%_cropped_frame0097.jpg,1
1%_cropped_frame0098.jpg,1
1%_cropped_frame0099.jpg,1
1%_cropped_frame0100.jpg,1
1%_cropped_frame0101.jpg,1
1%_cropped_frame0102.jpg,1
1%_cropped_frame0103.jpg,1
1%_cropped_frame0104.jpg,1
1%_cropped_frame0105.jpg,1
1%_cropped_frame0106.jpg,1
1%_cropped_frame0107.jpg,1
1%_cropped_frame0108.jpg,1
1%_cropped_frame0109.jpg,1
1%_cropped_frame0110.jpg,1
1%_cropped_frame0111.jpg,1
1%_cropped_frame0112.jpg,1
1%_cropped_frame0113.jpg,1
1%_cropped_frame0114.jpg,1
1%_cropped_frame0115.jpg,1
1%_cropped_frame0116.jpg,1
1%_cropped_frame0117.jpg,1
1%_cropped_frame0118.jpg,1
1%_cropped_frame0119.jpg,1
1%_cropped_frame0120.jpg,1
1%_cropped_frame0121.jpg,1
1%_cropped_frame0122.jpg,1
1%_cropped_frame0123.jpg,1
1%_cropped_frame0124.jpg,1
1%_cropped_frame0125.jpg,1
1%_cropped_frame0126.jpg,1
1%_cropped_frame0127.jpg,1
1%_cropped_frame0128.jpg,1
1%_cropped_frame0129.jpg,1
1%_cropped_frame0130.jpg,1
1%_cropped_frame0131.jpg,1
1%_cropped_frame0132.jpg,1
1%_cropped_frame0133.jpg,1
1%_cropped_frame0134.jpg,1
1%_cropped_frame0135.jpg,1
1%_cropped_frame0136.jpg,1
1%_cropped_frame0137.jpg,1
1%_cropped_frame0138.jpg,1
1%_cropped_frame0139.jpg,1
1%_cropped_frame0140.jpg,1
1%_cropped_frame0141.jpg,1
1%_cropped_frame0142.jpg,1
1%_cropped_frame0143.jpg,1
1%_cropped_frame0144.jpg,1
1%_cropped_frame0145.jpg,1
1%_cropped_frame0146.jpg,1
1%_cropped_frame0147.jpg,1
1%_cropped_frame0148.jpg,1
1%_cropped_frame0149.jpg,1
1%_cropped_frame0150.jpg,1
1%_cropped_frame0151.jpg,1
1%_cropped_frame0152.jpg,1
1%_cropped_frame0153.jpg,1
1%_cropped_frame0154.jpg,1
1%_cropped_frame0155.jpg,1
1%_cropped_frame0156.jpg,1
1%_cropped_frame0157.jpg,1
1%_cropped_frame0158.jpg,1
1%_cropped_frame0159.jpg,1
1%_cropped_frame0160.jpg,1
1%_cropped_frame0161.jpg,1
1%_cropped_frame0162.jpg,1
1%_cropped_frame0163.jpg,1
1%_cropped_frame0164.jpg,1
1%_cropped_frame0165.jpg,1
1%_cropped_frame0166.jpg,1
1%_cropped_frame0167.jpg,1
1%_cropped_frame0168.jpg,1
1%_cropped_frame0169.jpg,1
1%_cropped_frame0170.jpg,1
1%_cropped_frame0171.jpg,1
1%_cropped_frame0172.jpg,1
1%_cropped_frame0173.jpg,1
1%_cropped_frame0174.jpg,1
1%_cropped_frame0175.jpg,1
1%_cropped_frame0176.jpg,1
1%_cropped_frame0177.jpg,1
1%_cropped_frame0178.jpg,1
1%_cropped_frame0179.jpg,1
1%_cropped_frame0180.jpg,1
1%_cropped_frame0181.jpg,1
1%_cropped_frame0182.jpg,1
1%_cropped_frame0183.jpg,1
1%_cropped_frame0184.jpg,1
1%_cropped_frame0185.jpg,1
1%_cropped_frame0186.jpg,1
1%_cropped_frame0187.jpg,1
1%_cropped_frame0188.jpg,1
1%_cropped_frame0189.jpg,1
1%_cropped_frame0190.jpg,1
1%_cropped_frame0191.jpg,1
1%_cropped_frame0192.jpg,1
1%_cropped_frame0193.jpg,1
1%_cropped_frame0194.jpg,1
1%_cropped_frame0195.jpg,1
1%_cropped_frame0196.jpg,1
1%_cropped_frame0197.jpg,1
1%_cropped_frame0198.jpg,1
1%_cropped_frame0199.jpg,1
1%_cropped_frame0200.jpg,1
1%_cropped_frame0201.jpg,1
1%_cropped_frame0202.jpg,1
1%_cropped_frame0203.jpg,1
1%_cropped_frame0204.jpg,1
1%_cropped_frame0205.jpg,1
1%_cropped_frame0206.jpg,1
1%_cropped_frame0207.jpg,1
1%_cropped_frame0208.jpg,1
1%_cropped_frame0209.jpg,1
1%_cropped_frame0210.jpg,1
1%_cropped_frame0211.jpg,1
1%_cropped_frame0212.jpg,1
1%_cropped_frame0213.jpg,1
1%_cropped_frame0214.jpg,1
1%_cropped_frame0215.jpg,1
1%_cropped_frame0216.jpg,1
1%_cropped_frame0217.jpg,1
1%_cropped_frame0218.jpg,1
1%_cropped_frame0219.jpg,1
1%_cropped_frame0220.jpg,1
1%_cropped_frame0221.jpg,1
1%_cropped_frame0222.jpg,1
1%_cropped_frame0223.jpg,1
1%_cropped_frame0224.jpg,1
1%_cropped_frame0225.jpg,1
1%_cropped_frame0226.jpg,1
1%_cropped_frame0227.jpg,1
1%_cropped_frame0228.jpg,1
1%_cropped_frame0229.jpg,1
1%_cropped_frame0230.jpg,1
1%_cropped_frame0231.jpg,1
1%_cropped_frame0232.jpg,1
1%_cropped_frame0233.jpg,1
1%_cropped_frame0234.jpg,1
1%_cropped_frame0235.jpg,1
1%_cropped_frame0236.jpg,1
1%_cropped_frame0237.jpg,1
1%_cropped_frame0238.jpg,1
1%_cropped_frame0239.jpg,1
1%_cropped_frame0240.jpg,1
1%_cropped_frame0241.jpg,1
1%_cropped_frame0242.jpg,1
1%_cropped_frame0243.jpg,1
1%_cropped_frame0244.jpg,1
1%_cropped_frame0245.jpg,1
1%_cropped_frame0246.jpg,1
1%_cropped_frame0247.jpg,1
1%_cropped_frame0248.jpg,1
1%_cropped_frame0249.jpg,1
1%_cropped_frame0250.jpg,1
1%_cropped_frame0251.jpg,1
1%_cropped_frame0252.jpg,1
1%_cropped_frame0253.jpg,1
1%_cropped_frame0254.jpg,1
1%_cropped_frame0255.jpg,1
1%_cropped_frame0256.jpg,1
1%_cropped_frame0257.jpg,1
1%_cropped_frame0258.jpg,1
1%_cropped_frame0259.jpg,1
10%_cropped_frame0000.jpg,10
10%_cropped_frame0001.jpg,10
10%_cropped_frame0002.jpg,10
10%_cropped_frame0003.jpg,10
10%_cropped_frame0004.jpg,10
10%_cropped_frame0005.jpg,10
10%_cropped_frame0006.jpg,10
10%_cropped_frame0007.jpg,10
10%_cropped_frame0008.jpg,10
10%_cropped_frame0009.jpg,10
10%_cropped_frame0010.jpg,10
10%_cropped_frame0011.jpg,10
10%_cropped_frame0012.jpg,10
10%_cropped_frame0013.jpg,10
10%_cropped_frame0014.jpg,10
10%_cropped_frame0015.jpg,10
10%_cropped_frame0016.jpg,10
10%_cropped_frame0017.jpg,10
10%_cropped_frame0018.jpg,10
10%_cropped_frame0019.jpg,10
10%_cropped_frame0020.jpg,10
10%_cropped_frame0021.jpg,10
10%_cropped_frame0022.jpg,10
10%_cropped_frame0023.jpg,10
10%_cropped_frame0024.jpg,10
10%_cropped_frame0025.jpg,10
10%_cropped_frame0026.jpg,10
10%_cropped_frame0027.jpg,10
10%_cropped_frame0028.jpg,10
10%_cropped_frame0029.jpg,10
10%_cropped_frame0030.jpg,10
10%_cropped_frame0031.jpg,10
10%_cropped_frame0032.jpg,10
10%_cropped_frame0033.jpg,10
10%_cropped_frame0034.jpg,10
10%_cropped_frame0035.jpg,10
10%_cropped_frame0036.jpg,10
10%_cropped_frame0037.jpg,10
10%_cropped_frame0038.jpg,10
10%_cropped_frame0039.jpg,10
10%_cropped_frame0040.jpg,10
10%_cropped_frame0041.jpg,10
10%_cropped_frame0042.jpg,10
10%_cropped_frame0043.jpg,10
10%_cropped_frame0044.jpg,10
10%_cropped_frame0045.jpg,10
10%_cropped_frame0046.jpg,10
10%_cropped_frame0047.jpg,10
10%_cropped_frame0048.jpg,10
10%_cropped_frame0049.jpg,10
10%_cropped_frame0050.jpg,10
10%_cropped_frame0051.jpg,10
10%_cropped_frame0052.jpg,10
10%_cropped_frame0053.jpg,10
10%_cropped_frame0054.jpg,10
10%_cropped_frame0055.jpg,10
10%_cropped_frame0056.jpg,10
10%_cropped_frame0057.jpg,10
10%_cropped_frame0058.jpg,10
10%_cropped_frame0059.jpg,10
10%_cropped_frame0060.jpg,10
10%_cropped_frame0061.jpg,10
10%_cropped_frame0062.jpg,10
10%_cropped_frame0063.jpg,10
10%_cropped_frame0064.jpg,10
10%_cropped_frame0065.jpg,10
10%_cropped_frame0066.jpg,10
10%_cropped_frame0067.jpg,10
10%_cropped_frame0068.jpg,10
10%_cropped_frame0069.jpg,10
10%_cropped_frame0070.jpg,10
10%_cropped_frame0071.jpg,10
10%_cropped_frame0072.jpg,10
10%_cropped_frame0073.jpg,10
10%_cropped_frame0074.jpg,10
10%_cropped_frame0075.jpg,10
10%_cropped_frame0076.jpg,10
10%_cropped_frame0077.jpg,10
10%_cropped_frame0078.jpg,10
10%_cropped_frame0079.jpg,10
10%_cropped_frame0080.jpg,10
10%_cropped_frame0081.jpg,10
10%_cropped_frame0082.jpg,10
10%_cropped_frame0083.jpg,10
10%_cropped_frame0084.jpg,10
10%_cropped_frame0085.jpg,10
10%_cropped_frame0086.jpg,10
10%_cropped_frame0087.jpg,10
10%_cropped_frame0088.jpg,10
10%_cropped_frame0089.jpg,10
10%_cropped_frame0090.jpg,10
10%_cropped_frame0091.jpg,10
10%_cropped_frame0092.jpg,10
10%_cropped_frame0093.jpg,10
10%_cropped_frame0094.jpg,10
10%_cropped_frame0095.jpg,10
10%_cropped_frame0096.jpg,10
10%_cropped_frame0097.jpg,10
10%_cropped_frame0098.jpg,10
10%_cropped_frame0099.jpg,10
10%_cropped_frame0100.jpg,10
10%_cropped_frame0101.jpg,10
10%_cropped_frame0102.jpg,10
10%_cropped_frame0103.jpg,10
10%_cropped_frame0104.jpg,10
10%_cropped_frame0105.jpg,10
10%_cropped_frame0106.jpg,10
10%_cropped_frame0107.jpg,10
10%_cropped_frame0108.jpg,10
10%_cropped_frame0109.jpg,10
10%_cropped_frame0110.jpg,10
10%_cropped_frame0111.jpg,10
10%_cropped_frame0112.jpg,10
10%_cropped_frame0113.jpg,10
10%_cropped_frame0114.jpg,10
10%_cropped_frame0115.jpg,10
10%_cropped_frame0116.jpg,10
10%_cropped_frame0117.jpg,10
10%_cropped_frame0118.jpg,10
10%_cropped_frame0119.jpg,10
10%_cropped_frame0120.jpg,10
10%_cropped_frame0121.jpg,10
10%_cropped_frame0122.jpg,10
10%_cropped_frame0123.jpg,10
10%_cropped_frame0124.jpg,10
10%_cropped_frame0125.jpg,10
10%_cropped_frame0126.jpg,10
10%_cropped_frame0127.jpg,10
10%_cropped_frame0128.jpg,10
10%_cropped_frame0129.jpg,10
10%_cropped_frame0130.jpg,10
10%_cropped_frame0131.jpg,10
10%_cropped_frame0132.jpg,10
10%_cropped_frame0133.jpg,10
10%_cropped_frame0134.jpg,10
10%_cropped_frame0135.jpg,10
10%_cropped_frame0136.jpg,10
10%_cropped_frame0137.jpg,10
10%_cropped_frame0138.jpg,10
10%_cropped_frame0139.jpg,10
10%_cropped_frame0140.jpg,10
10%_cropped_frame0141.jpg,10
10%_cropped_frame0142.jpg,10
10%_cropped_frame0143.jpg,10
10%_cropped_frame0144.jpg,10
10%_cropped_frame0145.jpg,10
10%_cropped_frame0146.jpg,10
10%_cropped_frame0147.jpg,10
10%_cropped_frame0148.jpg,10
10%_cropped_frame0149.jpg,10
10%_cropped_frame0150.jpg,10
10%_cropped_frame0151.jpg,10
10%_cropped_frame0152.jpg,10
10%_cropped_frame0153.jpg,10
10%_cropped_frame0154.jpg,10
10%_cropped_frame0155.jpg,10
10%_cropped_frame0156.jpg,10
10%_cropped_frame0157.jpg,10
10%_cropped_frame0158.jpg,10
10%_cropped_frame0159.jpg,10
10%_cropped_frame0160.jpg,10
10%_cropped_frame0161.jpg,10
10%_cropped_frame0162.jpg,10
10%_cropped_frame0163.jpg,10
10%_cropped_frame0164.jpg,10
10%_cropped_frame0165.jpg,10
10%_cropped_frame0166.jpg,10
10%_cropped_frame0167.jpg,10
10%_cropped_frame0168.jpg,10
10%_cropped_frame0169.jpg,10
10%_cropped_frame0170.jpg,10
10%_cropped_frame0171.jpg,10
10%_cropped_frame0172.jpg,10
10%_cropped_frame0173.jpg,10
10%_cropped_frame0174.jpg,10
10%_cropped_frame0175.jpg,10
10%_cropped_frame0176.jpg,10
10%_cropped_frame0177.jpg,10
10%_cropped_frame0178.jpg,10
10%_cropped_frame0179.jpg,10
10%_cropped_frame0180.jpg,10
10%_cropped_frame0181.jpg,10
10%_cropped_frame0182.jpg,10
10%_cropped_frame0183.jpg,10
10%_cropped_frame0184.jpg,10
10%_cropped_frame0185.jpg,10
10%_cropped_frame0186.jpg,10
10%_cropped_frame0187.jpg,10
10%_cropped_frame0188.jpg,10
10%_cropped_frame0189.jpg,10
10%_cropped_frame0190.jpg,10
10%_cropped_frame0191.jpg,10
10%_cropped_frame0192.jpg,10
10%_cropped_frame0193.jpg,10
10%_cropped_frame0194.jpg,10
10%_cropped_frame0195.jpg,10
10%_cropped_frame0196.jpg,10
10%_cropped_frame0197.jpg,10
10%_cropped_frame0198.jpg,10
10%_cropped_frame0199.jpg,10
10%_cropped_frame0200.jpg,10
10%_cropped_frame0201.jpg,10
10%_cropped_frame0202.jpg,10
10%_cropped_frame0203.jpg,10
10%_cropped_frame0204.jpg,10
10%_cropped_frame0205.jpg,10
10%_cropped_frame0206.jpg,10
10%_cropped_frame0207.jpg,10
10%_cropped_frame0208.jpg,10
10%_cropped_frame0209.jpg,10
10%_cropped_frame0210.jpg,10
10%_cropped_frame0211.jpg,10
10%_cropped_frame0212.jpg,10
10%_cropped_frame0213.jpg,10
10%_cropped_frame0214.jpg,10
10%_cropped_frame0215.jpg,10
10%_cropped_frame0216.jpg,10
10%_cropped_frame0217.jpg,10
10%_cropped_frame0218.jpg,10
10%_cropped_frame0219.jpg,10
10%_cropped_frame0220.jpg,10
10%_cropped_frame0221.jpg,10
10%_cropped_frame0222.jpg,10
10%_cropped_frame0223.jpg,10
10%_cropped_frame0224.jpg,10
10%_cropped_frame0225.jpg,10
10%_cropped_frame0226.jpg,10
10%_cropped_frame0227.jpg,10
10%_cropped_frame0228.jpg,10
10%_cropped_frame0229.jpg,10
12%_frame0000.jpg,12
12%_frame0001.jpg,12
12%_frame0002.jpg,12
12%_frame0003.jpg,12
12%_frame0004.jpg,12
12%_frame0005.jpg,12
12%_frame0006.jpg,12
12%_frame0007.jpg,12
12%_frame0008.jpg,12
12%_frame0009.jpg,12
12%_frame0010.jpg,12
12%_frame0011.jpg,12
12%_frame0012.jpg,12
12%_frame0013.jpg,12
12%_frame0014.jpg,12
12%_frame0015.jpg,12
12%_frame0016.jpg,12
12%_frame0017.jpg,12
12%_frame0018.jpg,12
12%_frame0019.jpg,12
12%_frame0020.jpg,12
12%_frame0021.jpg,12
12%_frame0022.jpg,12
12%_frame0023.jpg,12
12%_frame0024.jpg,12
12%_frame0025.jpg,12
12%_frame0026.jpg,12
12%_frame0027.jpg,12
12%_frame0028.jpg,12
12%_frame0029.jpg,12
12%_frame0030.jpg,12
12%_frame0031.jpg,12
12%_frame0032.jpg,12
12%_frame0033.jpg,12
12%_frame0034.jpg,12
12%_frame0035.jpg,12
12%_frame0036.jpg,12
12%_frame0037.jpg,12
12%_frame0038.jpg,12
12%_frame0039.jpg,12
12%_frame0040.jpg,12
12%_frame0041.jpg,12
12%_frame0042.jpg,12
12%_frame0043.jpg,12
12%_frame0044.jpg,12
12%_frame0045.jpg,12
12%_frame0046.jpg,12
12%_frame0047.jpg,12
12%_frame0048.jpg,12
12%_frame0049.jpg,12
12%_frame0050.jpg,12
12%_frame0051.jpg,12
12%_frame0052.jpg,12
12%_frame0053.jpg,12
12%_frame0054.jpg,12
12%_frame0055.jpg,12
12%_frame0056.jpg,12
12%_frame0057.jpg,12
12%_frame0058.jpg,12
12%_frame0059.jpg,12
12%_frame0060.jpg,12
12%_frame0061.jpg,12
12%_frame0062.jpg,12
12%_frame0063.jpg,12
12%_frame0064.jpg,12
12%_frame0065.jpg,12
12%_frame0066.jpg,12
12%_frame0067.jpg,12
12%_frame0068.jpg,12
12%_frame0069.jpg,12
12%_frame0070.jpg,12
12%_frame0071.jpg,12
12%_frame0072.jpg,12
12%_frame0073.jpg,12
12%_frame0074.jpg,12
12%_frame0075.jpg,12
12%_frame0076.jpg,12
12%_frame0077.jpg,12
12%_frame0078.jpg,12
12%_frame0079.jpg,12
12%_frame0080.jpg,12
12%_frame0081.jpg,12
12%_frame0082.jpg,12
12%_frame0083.jpg,12
12%_frame0084.jpg,12
12%_frame0085.jpg,12
12%_frame0086.jpg,12
12%_frame0087.jpg,12
12%_frame0088.jpg,12
12%_frame0089.jpg,12
12%_frame0090.jpg,12
12%_frame0091.jpg,12
12%_frame0092.jpg,12
12%_frame0093.jpg,12
12%_frame0094.jpg,12
12%_frame0095.jpg,12
12%_frame0096.jpg,12
12%_frame0097.jpg,12
12%_frame0098.jpg,12
12%_frame0099.jpg,12
12%_frame0100.jpg,12
12%_frame0101.jpg,12
12%_frame0102.jpg,12
12%_frame0103.jpg,12
12%_frame0104.jpg,12
12%_frame0105.jpg,12
12%_frame0106.jpg,12
12%_frame0107.jpg,12
12%_frame0108.jpg,12
12%_frame0109.jpg,12
12%_frame0110.jpg,12
12%_frame0111.jpg,12
12%_frame0112.jpg,12
12%_frame0113.jpg,12
12%_frame0114.jpg,12
12%_frame0115.jpg,12
12%_frame0116.jpg,12
12%_frame0117.jpg,12
12%_frame0118.jpg,12
12%_frame0119.jpg,12
12%_frame0120.jpg,12
12%_frame0121.jpg,12
12%_frame0122.jpg,12
12%_frame0123.jpg,12
12%_frame0124.jpg,12
12%_frame0125.jpg,12
12%_frame0126.jpg,12
12%_frame0127.jpg,12
12%_frame0128.jpg,12
12%_frame0129.jpg,12
12%_frame0130.jpg,12
12%_frame0131.jpg,12
12%_frame0132.jpg,12
12%_frame0133.jpg,12
12%_frame0134.jpg,12
12%_frame0135.jpg,12
12%_frame0136.jpg,12
12%_frame0137.jpg,12
12%_frame0138.jpg,12
12%_frame0139.jpg,12
12%_frame0140.jpg,12
12%_frame0141.jpg,12
12%_frame0142.jpg,12
12%_frame0143.jpg,12
12%_frame0144.jpg,12
12%_frame0145.jpg,12
12%_frame0146.jpg,12
12%_frame0147.jpg,12
12%_frame0148.jpg,12
12%_frame0149.jpg,12
12%_frame0150.jpg,12
12%_frame0151.jpg,12
12%_frame0152.jpg,12
12%_frame0153.jpg,12
12%_frame0154.jpg,12
12%_frame0155.jpg,12
12%_frame0156.jpg,12
12%_frame0157.jpg,12
12%_frame0158.jpg,12
12%_frame0159.jpg,12
12%_frame0160.jpg,12
12%_frame0161.jpg,12
12%_frame0162.jpg,12
12%_frame0163.jpg,12
12%_frame0164.jpg,12
12%_frame0165.jpg,12
12%_frame0166.jpg,12
12%_frame0167.jpg,12
12%_frame0168.jpg,12
12%_frame0169.jpg,12
12%_frame0170.jpg,12
12%_frame0171.jpg,12
12%_frame0172.jpg,12
12%_frame0173.jpg,12
12%_frame0174.jpg,12
12%_frame0175.jpg,12
12%_frame0176.jpg,12
12%_frame0177.jpg,12
12%_frame0178.jpg,12
12%_frame0179.jpg,12
12%_frame0180.jpg,12
12%_frame0181.jpg,12
12%_frame0182.jpg,12
12%_frame0183.jpg,12
12%_frame0184.jpg,12
12%_frame0185.jpg,12
12%_frame0186.jpg,12
12%_frame0187.jpg,12
12%_frame0188.jpg,12
12%_frame0189.jpg,12
12%_frame0190.jpg,12
12%_frame0191.jpg,12
12%_frame0192.jpg,12
12%_frame0193.jpg,12
12%_frame0194.jpg,12
12%_frame0195.jpg,12
12%_frame0196.jpg,12
12%_frame0197.jpg,12
12%_frame0198.jpg,12
12%_frame0199.jpg,12
12%_frame0200.jpg,12
12%_frame0201.jpg,12
12%_frame0202.jpg,12
12%_frame0203.jpg,12
12%_frame0204.jpg,12
12%_frame0205.jpg,12
12%_frame0206.jpg,12
12%_frame0207.jpg,12
12%_frame0208.jpg,12
12%_frame0209.jpg,12
12%_frame0210.jpg,12
12%_frame0211.jpg,12
12%_frame0212.jpg,12
12%_frame0213.jpg,12
12%_frame0214.jpg,12
12%_frame0215.jpg,12
12%_frame0216.jpg,12
12%_frame0217.jpg,12
12%_frame0218.jpg,12
12%_frame0219.jpg,12
12%_frame0220.jpg,12
12%_frame0221.jpg,12
12%_frame0222.jpg,12
12%_frame0223.jpg,12
12%_frame0224.jpg,12
12%_frame0225.jpg,12
12%_frame0226.jpg,12
12%_frame0227.jpg,12
12%_frame0228.jpg,12
12%_frame0229.jpg,12
12%_frame0230.jpg,12
12%_frame0231.jpg,12
12%_frame0232.jpg,12
12%_frame0233.jpg,12
12%_frame0234.jpg,12
12%_frame0235.jpg,12
12%_frame0236.jpg,12
12%_frame0237.jpg,12
12%_frame0238.jpg,12
12%_frame0239.jpg,12
12%_frame0240.jpg,12
12%_frame0241.jpg,12
12%_frame0242.jpg,12
12%_frame0243.jpg,12
12%_frame0244.jpg,12
12%_frame0245.jpg,12
12%_frame0246.jpg,12
12%_frame0247.jpg,12
12%_frame0248.jpg,12
12%_frame0249.jpg,12
12%_frame0250.jpg,12
12%_frame0251.jpg,12
12%_frame0252.jpg,12
12%_frame0253.jpg,12
12%_frame0254.jpg,12
12%_frame0255.jpg,12
12%_frame0256.jpg,12
12%_frame0257.jpg,12
12%_frame0258.jpg,12
12%_frame0259.jpg,12
12%_frame0260.jpg,12
12%_frame0261.jpg,12
12%_frame0262.jpg,12
12%_frame0263.jpg,12
12%_frame0264.jpg,12
12%_frame0265.jpg,12
12%_frame0266.jpg,12
12%_frame0267.jpg,12
12%_frame0268.jpg,12
12%_frame0269.jpg,12
12%_frame0270.jpg,12
12%_frame0271.jpg,12
12%_frame0272.jpg,12
12%_frame0273.jpg,12
12%_frame0274.jpg,12
12%_frame0275.jpg,12
12%_frame0276.jpg,12
12%_frame0277.jpg,12
12%_frame0278.jpg,12
12%_frame0279.jpg,12
12%_frame0280.jpg,12
12%_frame0281.jpg,12
12%_frame0282.jpg,12
12%_frame0283.jpg,12
12%_frame0284.jpg,12
14%_cropped_frame0000.jpg,14
14%_cropped_frame0001.jpg,14
14%_cropped_frame0002.jpg,14
14%_cropped_frame0003.jpg,14
14%_cropped_frame0004.jpg,14
14%_cropped_frame0005.jpg,14
14%_cropped_frame0006.jpg,14
14%_cropped_frame0007.jpg,14
14%_cropped_frame0008.jpg,14
14%_cropped_frame0009.jpg,14
14%_cropped_frame0010.jpg,14
14%_cropped_frame0011.jpg,14
14%_cropped_frame0012.jpg,14
14%_cropped_frame0013.jpg,14
14%_cropped_frame0014.jpg,14
14%_cropped_frame0015.jpg,14
14%_cropped_frame0016.jpg,14
14%_cropped_frame0017.jpg,14
14%_cropped_frame0018.jpg,14
14%_cropped_frame0019.jpg,14
14%_cropped_frame0020.jpg,14
14%_cropped_frame0021.jpg,14
14%_cropped_frame0022.jpg,14
14%_cropped_frame0023.jpg,14
14%_cropped_frame0024.jpg,14
14%_cropped_frame0025.jpg,14
14%_cropped_frame0026.jpg,14
14%_cropped_frame0027.jpg,14
14%_cropped_frame0028.jpg,14
14%_cropped_frame0029.jpg,14
14%_cropped_frame0030.jpg,14
14%_cropped_frame0031.jpg,14
14%_cropped_frame0032.jpg,14
14%_cropped_frame0033.jpg,14
14%_cropped_frame0034.jpg,14
14%_cropped_frame0035.jpg,14
14%_cropped_frame0036.jpg,14
14%_cropped_frame0037.jpg,14
14%_cropped_frame0038.jpg,14
14%_cropped_frame0039.jpg,14
14%_cropped_frame0040.jpg,14
14%_cropped_frame0041.jpg,14
14%_cropped_frame0042.jpg,14
14%_cropped_frame0043.jpg,14
14%_cropped_frame0044.jpg,14
14%_cropped_frame0045.jpg,14
14%_cropped_frame0046.jpg,14
14%_cropped_frame0047.jpg,14
14%_cropped_frame0048.jpg,14
14%_cropped_frame0049.jpg,14
14%_cropped_frame0050.jpg,14
14%_cropped_frame0051.jpg,14
14%_cropped_frame0052.jpg,14
14%_cropped_frame0053.jpg,14
14%_cropped_frame0054.jpg,14
14%_cropped_frame0055.jpg,14
14%_cropped_frame0056.jpg,14
14%_cropped_frame0057.jpg,14
14%_cropped_frame0058.jpg,14
14%_cropped_frame0059.jpg,14
14%_cropped_frame0060.jpg,14
14%_cropped_frame0061.jpg,14
14%_cropped_frame0062.jpg,14
14%_cropped_frame0063.jpg,14
14%_cropped_frame0064.jpg,14
14%_cropped_frame0065.jpg,14
14%_cropped_frame0066.jpg,14
14%_cropped_frame0067.jpg,14
14%_cropped_frame0068.jpg,14
14%_cropped_frame0069.jpg,14
14%_cropped_frame0070.jpg,14
14%_cropped_frame0071.jpg,14
14%_cropped_frame0072.jpg,14
14%_cropped_frame0073.jpg,14
14%_cropped_frame0074.jpg,14
14%_cropped_frame0075.jpg,14
14%_cropped_frame0076.jpg,14
14%_cropped_frame0077.jpg,14
14%_cropped_frame0078.jpg,14
14%_cropped_frame0079.jpg,14
14%_cropped_frame0080.jpg,14
14%_cropped_frame0081.jpg,14
14%_cropped_frame0082.jpg,14
14%_cropped_frame0083.jpg,14
14%_cropped_frame0084.jpg,14
14%_cropped_frame0085.jpg,14
14%_cropped_frame0086.jpg,14
14%_cropped_frame0087.jpg,14
14%_cropped_frame0088.jpg,14
14%_cropped_frame0089.jpg,14
14%_cropped_frame0090.jpg,14
14%_cropped_frame0091.jpg,14
14%_cropped_frame0092.jpg,14
14%_cropped_frame0093.jpg,14
14%_cropped_frame0094.jpg,14
14%_cropped_frame0095.jpg,14
14%_cropped_frame0096.jpg,14
14%_cropped_frame0097.jpg,14
14%_cropped_frame0098.jpg,14
14%_cropped_frame0099.jpg,14
14%_cropped_frame0100.jpg,14
14%_cropped_frame0101.jpg,14
14%_cropped_frame0102.jpg,14
14%_cropped_frame0103.jpg,14
14%_cropped_frame0104.jpg,14
14%_cropped_frame0105.jpg,14
14%_cropped_frame0106.jpg,14
14%_cropped_frame0107.jpg,14
14%_cropped_frame0108.jpg,14
14%_cropped_frame0109.jpg,14
14%_cropped_frame0110.jpg,14
14%_cropped_frame0111.jpg,14
14%_cropped_frame0112.jpg,14
14%_cropped_frame0113.jpg,14
14%_cropped_frame0114.jpg,14
14%_cropped_frame0115.jpg,14
14%_cropped_frame0116.jpg,14
14%_cropped_frame0117.jpg,14
14%_cropped_frame0118.jpg,14
14%_cropped_frame0119.jpg,14
14%_cropped_frame0120.jpg,14
14%_cropped_frame0121.jpg,14
14%_cropped_frame0122.jpg,14
14%_cropped_frame0123.jpg,14
14%_cropped_frame0124.jpg,14
14%_cropped_frame0125.jpg,14
14%_cropped_frame0126.jpg,14
14%_cropped_frame0127.jpg,14
14%_cropped_frame0128.jpg,14
14%_cropped_frame0129.jpg,14
14%_cropped_frame0130.jpg,14
14%_cropped_frame0131.jpg,14
14%_cropped_frame0132.jpg,14
14%_cropped_frame0133.jpg,14
14%_cropped_frame0134.jpg,14
14%_cropped_frame0135.jpg,14
14%_cropped_frame0136.jpg,14
14%_cropped_frame0137.jpg,14
14%_cropped_frame0138.jpg,14
14%_cropped_frame0139.jpg,14
14%_cropped_frame0140.jpg,14
14%_cropped_frame0141.jpg,14
14%_cropped_frame0142.jpg,14
14%_cropped_frame0143.jpg,14
14%_cropped_frame0144.jpg,14
14%_cropped_frame0145.jpg,14
14%_cropped_frame0146.jpg,14
14%_cropped_frame0147.jpg,14
14%_cropped_frame0148.jpg,14
14%_cropped_frame0149.jpg,14
14%_cropped_frame0150.jpg,14
14%_cropped_frame0151.jpg,14
14%_cropped_frame0152.jpg,14
14%_cropped_frame0153.jpg,14
14%_cropped_frame0154.jpg,14
14%_cropped_frame0155.jpg,14
14%_cropped_frame0156.jpg,14
14%_cropped_frame0157.jpg,14
14%_cropped_frame0158.jpg,14
14%_cropped_frame0159.jpg,14
14%_cropped_frame0160.jpg,14
14%_cropped_frame0161.jpg,14
14%_cropped_frame0162.jpg,14
14%_cropped_frame0163.jpg,14
14%_cropped_frame0164.jpg,14
14%_cropped_frame0165.jpg,14
14%_cropped_frame0166.jpg,14
14%_cropped_frame0167.jpg,14
14%_cropped_frame0168.jpg,14
14%_cropped_frame0169.jpg,14
14%_cropped_frame0170.jpg,14
14%_cropped_frame0171.jpg,14
14%_cropped_frame0172.jpg,14
14%_cropped_frame0173.jpg,14
14%_cropped_frame0174.jpg,14
14%_cropped_frame0175.jpg,14
14%_cropped_frame0176.jpg,14
14%_cropped_frame0177.jpg,14
14%_cropped_frame0178.jpg,14
14%_cropped_frame0179.jpg,14
14%_cropped_frame0180.jpg,14
14%_cropped_frame0181.jpg,14
14%_cropped_frame0182.jpg,14
14%_cropped_frame0183.jpg,14
14%_cropped_frame0184.jpg,14
14%_cropped_frame0185.jpg,14
14%_cropped_frame0186.jpg,14
14%_cropped_frame0187.jpg,14
14%_cropped_frame0188.jpg,14
14%_cropped_frame0189.jpg,14
14%_cropped_frame0190.jpg,14
14%_cropped_frame0191.jpg,14
14%_cropped_frame0192.jpg,14
14%_cropped_frame0193.jpg,14
14%_cropped_frame0194.jpg,14
14%_cropped_frame0195.jpg,14
14%_cropped_frame0196.jpg,14
14%_cropped_frame0197.jpg,14
14%_cropped_frame0198.jpg,14
14%_cropped_frame0199.jpg,14
14%_cropped_frame0200.jpg,14
14%_cropped_frame0201.jpg,14
14%_cropped_frame0202.jpg,14
14%_cropped_frame0203.jpg,14
14%_cropped_frame0204.jpg,14
14%_cropped_frame0205.jpg,14
14%_cropped_frame0206.jpg,14
14%_cropped_frame0207.jpg,14
14%_cropped_frame0208.jpg,14
14%_cropped_frame0209.jpg,14
14%_cropped_frame0210.jpg,14
14%_cropped_frame0211.jpg,14
14%_cropped_frame0212.jpg,14
14%_cropped_frame0213.jpg,14
14%_cropped_frame0214.jpg,14
14%_cropped_frame0215.jpg,14
14%_cropped_frame0216.jpg,14
14%_cropped_frame0217.jpg,14
14%_cropped_frame0218.jpg,14
14%_cropped_frame0219.jpg,14
14%_cropped_frame0220.jpg,14
14%_cropped_frame0221.jpg,14
14%_cropped_frame0222.jpg,14
14%_cropped_frame0223.jpg,14
14%_cropped_frame0224.jpg,14
14%_cropped_frame0225.jpg,14
14%_cropped_frame0226.jpg,14
14%_cropped_frame0227.jpg,14
14%_cropped_frame0228.jpg,14
14%_cropped_frame0229.jpg,14
14%_cropped_frame0230.jpg,14
14%_cropped_frame0231.jpg,14
14%_cropped_frame0232.jpg,14
14%_cropped_frame0233.jpg,14
14%_cropped_frame0234.jpg,14
14%_cropped_frame0235.jpg,14
14%_cropped_frame0236.jpg,14
14%_cropped_frame0237.jpg,14
14%_cropped_frame0238.jpg,14
14%_cropped_frame0239.jpg,14
14%_cropped_frame0240.jpg,14
14%_cropped_frame0241.jpg,14
14%_cropped_frame0242.jpg,14
14%_cropped_frame0243.jpg,14
14%_cropped_frame0244.jpg,14
14%_cropped_frame0245.jpg,14
14%_cropped_frame0246.jpg,14
14%_cropped_frame0247.jpg,14
14%_cropped_frame0248.jpg,14
14%_cropped_frame0249.jpg,14
14%_cropped_frame0250.jpg,14
14%_cropped_frame0251.jpg,14
14%_cropped_frame0252.jpg,14
14%_cropped_frame0253.jpg,14
14%_cropped_frame0254.jpg,14
14%_cropped_frame0255.jpg,14
14%_cropped_frame0256.jpg,14
14%_cropped_frame0257.jpg,14
14%_cropped_frame0258.jpg,14
14%_cropped_frame0259.jpg,14
16%_cropped_frame0000.jpg,16
16%_cropped_frame0001.jpg,16
16%_cropped_frame0002.jpg,16
16%_cropped_frame0003.jpg,16
16%_cropped_frame0004.jpg,16
16%_cropped_frame0005.jpg,16
16%_cropped_frame0006.jpg,16
16%_cropped_frame0007.jpg,16
16%_cropped_frame0008.jpg,16
16%_cropped_frame0009.jpg,16
16%_cropped_frame0010.jpg,16
16%_cropped_frame0011.jpg,16
16%_cropped_frame0012.jpg,16
16%_cropped_frame0013.jpg,16
16%_cropped_frame0014.jpg,16
16%_cropped_frame0015.jpg,16
16%_cropped_frame0016.jpg,16
16%_cropped_frame0017.jpg,16
16%_cropped_frame0018.jpg,16
16%_cropped_frame0019.jpg,16
16%_cropped_frame0020.jpg,16
16%_cropped_frame0021.jpg,16
16%_cropped_frame0022.jpg,16
16%_cropped_frame0023.jpg,16
16%_cropped_frame0024.jpg,16
16%_cropped_frame0025.jpg,16
16%_cropped_frame0026.jpg,16
16%_cropped_frame0027.jpg,16
16%_cropped_frame0028.jpg,16
16%_cropped_frame0029.jpg,16
16%_cropped_frame0030.jpg,16
16%_cropped_frame0031.jpg,16
16%_cropped_frame0032.jpg,16
16%_cropped_frame0033.jpg,16
16%_cropped_frame0034.jpg,16
16%_cropped_frame0035.jpg,16
16%_cropped_frame0036.jpg,16
16%_cropped_frame0037.jpg,16
16%_cropped_frame0038.jpg,16
16%_cropped_frame0039.jpg,16
16%_cropped_frame0040.jpg,16
16%_cropped_frame0041.jpg,16
16%_cropped_frame0042.jpg,16
16%_cropped_frame0043.jpg,16
16%_cropped_frame0044.jpg,16
16%_cropped_frame0045.jpg,16
16%_cropped_frame0046.jpg,16
16%_cropped_frame0047.jpg,16
16%_cropped_frame0048.jpg,16
16%_cropped_frame0049.jpg,16
16%_cropped_frame0050.jpg,16
16%_cropped_frame0051.jpg,16
16%_cropped_frame0052.jpg,16
16%_cropped_frame0053.jpg,16
16%_cropped_frame0054.jpg,16
16%_cropped_frame0055.jpg,16
16%_cropped_frame0056.jpg,16
16%_cropped_frame0057.jpg,16
16%_cropped_frame0058.jpg,16
16%_cropped_frame0059.jpg,16
16%_cropped_frame0060.jpg,16
16%_cropped_frame0061.jpg,16
16%_cropped_frame0062.jpg,16
16%_cropped_frame0063.jpg,16
16%_cropped_frame0064.jpg,16
16%_cropped_frame0065.jpg,16
16%_cropped_frame0066.jpg,16
16%_cropped_frame0067.jpg,16
16%_cropped_frame0068.jpg,16
16%_cropped_frame0069.jpg,16
16%_cropped_frame0070.jpg,16
16%_cropped_frame0071.jpg,16
16%_cropped_frame0072.jpg,16
16%_cropped_frame0073.jpg,16
16%_cropped_frame0074.jpg,16
16%_cropped_frame0075.jpg,16
16%_cropped_frame0076.jpg,16
16%_cropped_frame0077.jpg,16
16%_cropped_frame0078.jpg,16
16%_cropped_frame0079.jpg,16
16%_cropped_frame0080.jpg,16
16%_cropped_frame0081.jpg,16
16%_cropped_frame0082.jpg,16
16%_cropped_frame0083.jpg,16
16%_cropped_frame0084.jpg,16
16%_cropped_frame0085.jpg,16
16%_cropped_frame0086.jpg,16
16%_cropped_frame0087.jpg,16
16%_cropped_frame0088.jpg,16
16%_cropped_frame0089.jpg,16
16%_cropped_frame0090.jpg,16
16%_cropped_frame0091.jpg,16
16%_cropped_frame0092.jpg,16
16%_cropped_frame0093.jpg,16
16%_cropped_frame0094.jpg,16
16%_cropped_frame0095.jpg,16
16%_cropped_frame0096.jpg,16
16%_cropped_frame0097.jpg,16
16%_cropped_frame0098.jpg,16
16%_cropped_frame0099.jpg,16
16%_cropped_frame0100.jpg,16
16%_cropped_frame0101.jpg,16
16%_cropped_frame0102.jpg,16
16%_cropped_frame0103.jpg,16
16%_cropped_frame0104.jpg,16
16%_cropped_frame0105.jpg,16
16%_cropped_frame0106.jpg,16
16%_cropped_frame0107.jpg,16
16%_cropped_frame0108.jpg,16
16%_cropped_frame0109.jpg,16
16%_cropped_frame0110.jpg,16
16%_cropped_frame0111.jpg,16
16%_cropped_frame0112.jpg,16
16%_cropped_frame0113.jpg,16
16%_cropped_frame0114.jpg,16
16%_cropped_frame0115.jpg,16
16%_cropped_frame0116.jpg,16
16%_cropped_frame0117.jpg,16
16%_cropped_frame0118.jpg,16
16%_cropped_frame0119.jpg,16
16%_cropped_frame0120.jpg,16
16%_cropped_frame0121.jpg,16
16%_cropped_frame0122.jpg,16
16%_cropped_frame0123.jpg,16
16%_cropped_frame0124.jpg,16
16%_cropped_frame0125.jpg,16
16%_cropped_frame0126.jpg,16
16%_cropped_frame0127.jpg,16
16%_cropped_frame0128.jpg,16
16%_cropped_frame0129.jpg,16
16%_cropped_frame0130.jpg,16
16%_cropped_frame0131.jpg,16
16%_cropped_frame0132.jpg,16
16%_cropped_frame0133.jpg,16
16%_cropped_frame0134.jpg,16
16%_cropped_frame0135.jpg,16
16%_cropped_frame0136.jpg,16
16%_cropped_frame0137.jpg,16
16%_cropped_frame0138.jpg,16
16%_cropped_frame0139.jpg,16
16%_cropped_frame0140.jpg,16
16%_cropped_frame0141.jpg,16
16%_cropped_frame0142.jpg,16
16%_cropped_frame0143.jpg,16
16%_cropped_frame0144.jpg,16
16%_cropped_frame0145.jpg,16
16%_cropped_frame0146.jpg,16
16%_cropped_frame0147.jpg,16
16%_cropped_frame0148.jpg,16
16%_cropped_frame0149.jpg,16
16%_cropped_frame0150.jpg,16
16%_cropped_frame0151.jpg,16
16%_cropped_frame0152.jpg,16
16%_cropped_frame0153.jpg,16
16%_cropped_frame0154.jpg,16
16%_cropped_frame0155.jpg,16
16%_cropped_frame0156.jpg,16
16%_cropped_frame0157.jpg,16
16%_cropped_frame0158.jpg,16
16%_cropped_frame0159.jpg,16
16%_cropped_frame0160.jpg,16
16%_cropped_frame0161.jpg,16
16%_cropped_frame0162.jpg,16
16%_cropped_frame0163.jpg,16
16%_cropped_frame0164.jpg,16
16%_cropped_frame0165.jpg,16
16%_cropped_frame0166.jpg,16
16%_cropped_frame0167.jpg,16
16%_cropped_frame0168.jpg,16
16%_cropped_frame0169.jpg,16
16%_cropped_frame0170.jpg,16
16%_cropped_frame0171.jpg,16
16%_cropped_frame0172.jpg,16
16%_cropped_frame0173.jpg,16
16%_cropped_frame0174.jpg,16
16%_cropped_frame0175.jpg,16
16%_cropped_frame0176.jpg,16
16%_cropped_frame0177.jpg,16
16%_cropped_frame0178.jpg,16
16%_cropped_frame0179.jpg,16
16%_cropped_frame0180.jpg,16
16%_cropped_frame0181.jpg,16
16%_cropped_frame0182.jpg,16
16%_cropped_frame0183.jpg,16
16%_cropped_frame0184.jpg,16
16%_cropped_frame0185.jpg,16
16%_cropped_frame0186.jpg,16
16%_cropped_frame0187.jpg,16
16%_cropped_frame0188.jpg,16
16%_cropped_frame0189.jpg,16
16%_cropped_frame0190.jpg,16
16%_cropped_frame0191.jpg,16
16%_cropped_frame0192.jpg,16
16%_cropped_frame0193.jpg,16
16%_cropped_frame0194.jpg,16
16%_cropped_frame0195.jpg,16
16%_cropped_frame0196.jpg,16
16%_cropped_frame0197.jpg,16
16%_cropped_frame0198.jpg,16
16%_cropped_frame0199.jpg,16
2%_cropped_frame0000.jpg,2
2%_cropped_frame0001.jpg,2
2%_cropped_frame0002.jpg,2
2%_cropped_frame0003.jpg,2
2%_cropped_frame0004.jpg,2
2%_cropped_frame0005.jpg,2
2%_cropped_frame0006.jpg,2
2%_cropped_frame0007.jpg,2
2%_cropped_frame0008.jpg,2
2%_cropped_frame0009.jpg,2
2%_cropped_frame0010.jpg,2
2%_cropped_frame0011.jpg,2
2%_cropped_frame0012.jpg,2
2%_cropped_frame0013.jpg,2
2%_cropped_frame0014.jpg,2
2%_cropped_frame0015.jpg,2
2%_cropped_frame0016.jpg,2
2%_cropped_frame0017.jpg,2
2%_cropped_frame0018.jpg,2
2%_cropped_frame0019.jpg,2
2%_cropped_frame0020.jpg,2
2%_cropped_frame0021.jpg,2
2%_cropped_frame0022.jpg,2
2%_cropped_frame0023.jpg,2
2%_cropped_frame0024.jpg,2
2%_cropped_frame0025.jpg,2
2%_cropped_frame0026.jpg,2
2%_cropped_frame0027.jpg,2
2%_cropped_frame0028.jpg,2
2%_cropped_frame0029.jpg,2
2%_cropped_frame0030.jpg,2
2%_cropped_frame0031.jpg,2
2%_cropped_frame0032.jpg,2
2%_cropped_frame0033.jpg,2
2%_cropped_frame0034.jpg,2
2%_cropped_frame0035.jpg,2
2%_cropped_frame0036.jpg,2
2%_cropped_frame0037.jpg,2
2%_cropped_frame0038.jpg,2
2%_cropped_frame0039.jpg,2
2%_cropped_frame0040.jpg,2
2%_cropped_frame0041.jpg,2
2%_cropped_frame0042.jpg,2
2%_cropped_frame0043.jpg,2
2%_cropped_frame0044.jpg,2
2%_cropped_frame0045.jpg,2
2%_cropped_frame0046.jpg,2
2%_cropped_frame0047.jpg,2
2%_cropped_frame0048.jpg,2
2%_cropped_frame0049.jpg,2
2%_cropped_frame0050.jpg,2
2%_cropped_frame0051.jpg,2
2%_cropped_frame0052.jpg,2
2%_cropped_frame0053.jpg,2
2%_cropped_frame0054.jpg,2
2%_cropped_frame0055.jpg,2
2%_cropped_frame0056.jpg,2
2%_cropped_frame0057.jpg,2
2%_cropped_frame0058.jpg,2
2%_cropped_frame0059.jpg,2
2%_cropped_frame0060.jpg,2
2%_cropped_frame0061.jpg,2
2%_cropped_frame0062.jpg,2
2%_cropped_frame0063.jpg,2
2%_cropped_frame0064.jpg,2
2%_cropped_frame0065.jpg,2
2%_cropped_frame0066.jpg,2
2%_cropped_frame0067.jpg,2
2%_cropped_frame0068.jpg,2
2%_cropped_frame0069.jpg,2
2%_cropped_frame0070.jpg,2
2%_cropped_frame0071.jpg,2
2%_cropped_frame0072.jpg,2
2%_cropped_frame0073.jpg,2
2%_cropped_frame0074.jpg,2
2%_cropped_frame0075.jpg,2
2%_cropped_frame0076.jpg,2
2%_cropped_frame0077.jpg,2
2%_cropped_frame0078.jpg,2
2%_cropped_frame0079.jpg,2
2%_cropped_frame0080.jpg,2
2%_cropped_frame0081.jpg,2
2%_cropped_frame0082.jpg,2
2%_cropped_frame0083.jpg,2
2%_cropped_frame0084.jpg,2
2%_cropped_frame0085.jpg,2
2%_cropped_frame0086.jpg,2
2%_cropped_frame0087.jpg,2
2%_cropped_frame0088.jpg,2
2%_cropped_frame0089.jpg,2
2%_cropped_frame0090.jpg,2
2%_cropped_frame0091.jpg,2
2%_cropped_frame0092.jpg,2
2%_cropped_frame0093.jpg,2
2%_cropped_frame0094.jpg,2
2%_cropped_frame0095.jpg,2
2%_cropped_frame0096.jpg,2
2%_cropped_frame0097.jpg,2
2%_cropped_frame0098.jpg,2
2%_cropped_frame0099.jpg,2
2%_cropped_frame0100.jpg,2
2%_cropped_frame0101.jpg,2
2%_cropped_frame0102.jpg,2
2%_cropped_frame0103.jpg,2
2%_cropped_frame0104.jpg,2
2%_cropped_frame0105.jpg,2
2%_cropped_frame0106.jpg,2
2%_cropped_frame0107.jpg,2
2%_cropped_frame0108.jpg,2
2%_cropped_frame0109.jpg,2
2%_cropped_frame0110.jpg,2
2%_cropped_frame0111.jpg,2
2%_cropped_frame0112.jpg,2
2%_cropped_frame0113.jpg,2
2%_cropped_frame0114.jpg,2
2%_cropped_frame0115.jpg,2
2%_cropped_frame0116.jpg,2
2%_cropped_frame0117.jpg,2
2%_cropped_frame0118.jpg,2
2%_cropped_frame0119.jpg,2
2%_cropped_frame0120.jpg,2
2%_cropped_frame0121.jpg,2
2%_cropped_frame0122.jpg,2
2%_cropped_frame0123.jpg,2
2%_cropped_frame0124.jpg,2
2%_cropped_frame0125.jpg,2
2%_cropped_frame0126.jpg,2
2%_cropped_frame0127.jpg,2
2%_cropped_frame0128.jpg,2
2%_cropped_frame0129.jpg,2
2%_cropped_frame0130.jpg,2
2%_cropped_frame0131.jpg,2
2%_cropped_frame0132.jpg,2
2%_cropped_frame0133.jpg,2
2%_cropped_frame0134.jpg,2
2%_cropped_frame0135.jpg,2
2%_cropped_frame0136.jpg,2
2%_cropped_frame0137.jpg,2
2%_cropped_frame0138.jpg,2
2%_cropped_frame0139.jpg,2
2%_cropped_frame0140.jpg,2
2%_cropped_frame0141.jpg,2
2%_cropped_frame0142.jpg,2
2%_cropped_frame0143.jpg,2
2%_cropped_frame0144.jpg,2
2%_cropped_frame0145.jpg,2
2%_cropped_frame0146.jpg,2
2%_cropped_frame0147.jpg,2
2%_cropped_frame0148.jpg,2
2%_cropped_frame0149.jpg,2
2%_cropped_frame0150.jpg,2
2%_cropped_frame0151.jpg,2
2%_cropped_frame0152.jpg,2
2%_cropped_frame0153.jpg,2
2%_cropped_frame0154.jpg,2
2%_cropped_frame0155.jpg,2
2%_cropped_frame0156.jpg,2
2%_cropped_frame0157.jpg,2
2%_cropped_frame0158.jpg,2
2%_cropped_frame0159.jpg,2
2%_cropped_frame0160.jpg,2
2%_cropped_frame0161.jpg,2
2%_cropped_frame0162.jpg,2
2%_cropped_frame0163.jpg,2
2%_cropped_frame0164.jpg,2
2%_cropped_frame0165.jpg,2
2%_cropped_frame0166.jpg,2
2%_cropped_frame0167.jpg,2
2%_cropped_frame0168.jpg,2
2%_cropped_frame0169.jpg,2
2%_cropped_frame0170.jpg,2
2%_cropped_frame0171.jpg,2
2%_cropped_frame0172.jpg,2
2%_cropped_frame0173.jpg,2
2%_cropped_frame0174.jpg,2
2%_cropped_frame0175.jpg,2
2%_cropped_frame0176.jpg,2
2%_cropped_frame0177.jpg,2
2%_cropped_frame0178.jpg,2
2%_cropped_frame0179.jpg,2
2%_cropped_frame0180.jpg,2
2%_cropped_frame0181.jpg,2
2%_cropped_frame0182.jpg,2
2%_cropped_frame0183.jpg,2
2%_cropped_frame0184.jpg,2
2%_cropped_frame0185.jpg,2
2%_cropped_frame0186.jpg,2
2%_cropped_frame0187.jpg,2
2%_cropped_frame0188.jpg,2
2%_cropped_frame0189.jpg,2
2%_cropped_frame0190.jpg,2
2%_cropped_frame0191.jpg,2
2%_cropped_frame0192.jpg,2
2%_cropped_frame0193.jpg,2
2%_cropped_frame0194.jpg,2
2%_cropped_frame0195.jpg,2
2%_cropped_frame0196.jpg,2
2%_cropped_frame0197.jpg,2
2%_cropped_frame0198.jpg,2
2%_cropped_frame0199.jpg,2
2%_cropped_frame0200.jpg,2
2%_cropped_frame0201.jpg,2
2%_cropped_frame0202.jpg,2
2%_cropped_frame0203.jpg,2
2%_cropped_frame0204.jpg,2
2%_cropped_frame0205.jpg,2
2%_cropped_frame0206.jpg,2
2%_cropped_frame0207.jpg,2
2%_cropped_frame0208.jpg,2
2%_cropped_frame0209.jpg,2
2%_cropped_frame0210.jpg,2
2%_cropped_frame0211.jpg,2
2%_cropped_frame0212.jpg,2
2%_cropped_frame0213.jpg,2
2%_cropped_frame0214.jpg,2
2%_cropped_frame0215.jpg,2
2%_cropped_frame0216.jpg,2
2%_cropped_frame0217.jpg,2
2%_cropped_frame0218.jpg,2
2%_cropped_frame0219.jpg,2
2%_cropped_frame0220.jpg,2
2%_cropped_frame0221.jpg,2
2%_cropped_frame0222.jpg,2
2%_cropped_frame0223.jpg,2
2%_cropped_frame0224.jpg,2
2%_cropped_frame0225.jpg,2
2%_cropped_frame0226.jpg,2
2%_cropped_frame0227.jpg,2
2%_cropped_frame0228.jpg,2
2%_cropped_frame0229.jpg,2
2%_cropped_frame0230.jpg,2
2%_cropped_frame0231.jpg,2
2%_cropped_frame0232.jpg,2
2%_cropped_frame0233.jpg,2
2%_cropped_frame0234.jpg,2
2%_cropped_frame0235.jpg,2
2%_cropped_frame0236.jpg,2
2%_cropped_frame0237.jpg,2
2%_cropped_frame0238.jpg,2
2%_cropped_frame0239.jpg,2
2%_cropped_frame0240.jpg,2
2%_cropped_frame0241.jpg,2
2%_cropped_frame0242.jpg,2
2%_cropped_frame0243.jpg,2
2%_cropped_frame0244.jpg,2
2%_cropped_frame0245.jpg,2
2%_cropped_frame0246.jpg,2
2%_cropped_frame0247.jpg,2
2%_cropped_frame0248.jpg,2
2%_cropped_frame0249.jpg,2
2%_cropped_frame0250.jpg,2
2%_cropped_frame0251.jpg,2
2%_cropped_frame0252.jpg,2
2%_cropped_frame0253.jpg,2
2%_cropped_frame0254.jpg,2
2%_cropped_frame0255.jpg,2
2%_cropped_frame0256.jpg,2
2%_cropped_frame0257.jpg,2
2%_cropped_frame0258.jpg,2
2%_cropped_frame0259.jpg,2
2%_cropped_frame0260.jpg,2
2%_cropped_frame0261.jpg,2
2%_cropped_frame0262.jpg,2
2%_cropped_frame0263.jpg,2
2%_cropped_frame0264.jpg,2
2%_cropped_frame0265.jpg,2
2%_cropped_frame0266.jpg,2
2%_cropped_frame0267.jpg,2
2%_cropped_frame0268.jpg,2
2%_cropped_frame0269.jpg,2
2%_cropped_frame0270.jpg,2
2%_cropped_frame0271.jpg,2
2%_cropped_frame0272.jpg,2
2%_cropped_frame0273.jpg,2
2%_cropped_frame0274.jpg,2
2%_cropped_frame0275.jpg,2
2%_cropped_frame0276.jpg,2
2%_cropped_frame0277.jpg,2
2%_cropped_frame0278.jpg,2
2%_cropped_frame0279.jpg,2
2%_cropped_frame0280.jpg,2
2%_cropped_frame0281.jpg,2
2%_cropped_frame0282.jpg,2
2%_cropped_frame0283.jpg,2
2%_cropped_frame0284.jpg,2
2%_cropped_frame0285.jpg,2
2%_cropped_frame0286.jpg,2
2%_cropped_frame0287.jpg,2
2%_cropped_frame0288.jpg,2
2%_cropped_frame0289.jpg,2
2%_cropped_frame0290.jpg,2
2%_cropped_frame0291.jpg,2
2%_cropped_frame0292.jpg,2
2%_cropped_frame0293.jpg,2
2%_cropped_frame0294.jpg,2
2%_cropped_frame0295.jpg,2
2%_cropped_frame0296.jpg,2
2%_cropped_frame0297.jpg,2
2%_cropped_frame0298.jpg,2
2%_cropped_frame0299.jpg,2
4%_cropped_frame0000.jpg,4
4%_cropped_frame0001.jpg,4
4%_cropped_frame0002.jpg,4
4%_cropped_frame0003.jpg,4
4%_cropped_frame0004.jpg,4
4%_cropped_frame0005.jpg,4
4%_cropped_frame0006.jpg,4
4%_cropped_frame0007.jpg,4
4%_cropped_frame0008.jpg,4
4%_cropped_frame0009.jpg,4
4%_cropped_frame0010.jpg,4
4%_cropped_frame0011.jpg,4
4%_cropped_frame0012.jpg,4
4%_cropped_frame0013.jpg,4
4%_cropped_frame0014.jpg,4
4%_cropped_frame0015.jpg,4
4%_cropped_frame0016.jpg,4
4%_cropped_frame0017.jpg,4
4%_cropped_frame0018.jpg,4
4%_cropped_frame0019.jpg,4
4%_cropped_frame0020.jpg,4
4%_cropped_frame0021.jpg,4
4%_cropped_frame0022.jpg,4
4%_cropped_frame0023.jpg,4
4%_cropped_frame0024.jpg,4
4%_cropped_frame0025.jpg,4
4%_cropped_frame0026.jpg,4
4%_cropped_frame0027.jpg,4
4%_cropped_frame0028.jpg,4
4%_cropped_frame0029.jpg,4
4%_cropped_frame0030.jpg,4
4%_cropped_frame0031.jpg,4
4%_cropped_frame0032.jpg,4
4%_cropped_frame0033.jpg,4
4%_cropped_frame0034.jpg,4
4%_cropped_frame0035.jpg,4
4%_cropped_frame0036.jpg,4
4%_cropped_frame0037.jpg,4
4%_cropped_frame0038.jpg,4
4%_cropped_frame0039.jpg,4
4%_cropped_frame0040.jpg,4
4%_cropped_frame0041.jpg,4
4%_cropped_frame0042.jpg,4
4%_cropped_frame0043.jpg,4
4%_cropped_frame0044.jpg,4
4%_cropped_frame0045.jpg,4
4%_cropped_frame0046.jpg,4
4%_cropped_frame0047.jpg,4
4%_cropped_frame0048.jpg,4
4%_cropped_frame0049.jpg,4
4%_cropped_frame0050.jpg,4
4%_cropped_frame0051.jpg,4
4%_cropped_frame0052.jpg,4
4%_cropped_frame0053.jpg,4
4%_cropped_frame0054.jpg,4
4%_cropped_frame0055.jpg,4
4%_cropped_frame0056.jpg,4
4%_cropped_frame0057.jpg,4
4%_cropped_frame0058.jpg,4
4%_cropped_frame0059.jpg,4
4%_cropped_frame0060.jpg,4
4%_cropped_frame0061.jpg,4
4%_cropped_frame0062.jpg,4
4%_cropped_frame0063.jpg,4
4%_cropped_frame0064.jpg,4
4%_cropped_frame0065.jpg,4
4%_cropped_frame0066.jpg,4
4%_cropped_frame0067.jpg,4
4%_cropped_frame0068.jpg,4
4%_cropped_frame0069.jpg,4
4%_cropped_frame0070.jpg,4
4%_cropped_frame0071.jpg,4
4%_cropped_frame0072.jpg,4
4%_cropped_frame0073.jpg,4
4%_cropped_frame0074.jpg,4
4%_cropped_frame0075.jpg,4
4%_cropped_frame0076.jpg,4
4%_cropped_frame0077.jpg,4
4%_cropped_frame0078.jpg,4
4%_cropped_frame0079.jpg,4
4%_cropped_frame0080.jpg,4
4%_cropped_frame0081.jpg,4
4%_cropped_frame0082.jpg,4
4%_cropped_frame0083.jpg,4
4%_cropped_frame0084.jpg,4
4%_cropped_frame0085.jpg,4
4%_cropped_frame0086.jpg,4
4%_cropped_frame0087.jpg,4
4%_cropped_frame0088.jpg,4
4%_cropped_frame0089.jpg,4
4%_cropped_frame0090.jpg,4
4%_cropped_frame0091.jpg,4
4%_cropped_frame0092.jpg,4
4%_cropped_frame0093.jpg,4
4%_cropped_frame0094.jpg,4
4%_cropped_frame0095.jpg,4
4%_cropped_frame0096.jpg,4
4%_cropped_frame0097.jpg,4
4%_cropped_frame0098.jpg,4
4%_cropped_frame0099.jpg,4
4%_cropped_frame0100.jpg,4
4%_cropped_frame0101.jpg,4
4%_cropped_frame0102.jpg,4
4%_cropped_frame0103.jpg,4
4%_cropped_frame0104.jpg,4
4%_cropped_frame0105.jpg,4
4%_cropped_frame0106.jpg,4
4%_cropped_frame0107.jpg,4
4%_cropped_frame0108.jpg,4
4%_cropped_frame0109.jpg,4
4%_cropped_frame0110.jpg,4
4%_cropped_frame0111.jpg,4
4%_cropped_frame0112.jpg,4
4%_cropped_frame0113.jpg,4
4%_cropped_frame0114.jpg,4
4%_cropped_frame0115.jpg,4
4%_cropped_frame0116.jpg,4
4%_cropped_frame0117.jpg,4
4%_cropped_frame0118.jpg,4
4%_cropped_frame0119.jpg,4
4%_cropped_frame0120.jpg,4
4%_cropped_frame0121.jpg,4
4%_cropped_frame0122.jpg,4
4%_cropped_frame0123.jpg,4
4%_cropped_frame0124.jpg,4
4%_cropped_frame0125.jpg,4
4%_cropped_frame0126.jpg,4
4%_cropped_frame0127.jpg,4
4%_cropped_frame0128.jpg,4
4%_cropped_frame0129.jpg,4
4%_cropped_frame0130.jpg,4
4%_cropped_frame0131.jpg,4
4%_cropped_frame0132.jpg,4
4%_cropped_frame0133.jpg,4
4%_cropped_frame0134.jpg,4
4%_cropped_frame0135.jpg,4
4%_cropped_frame0136.jpg,4
4%_cropped_frame0137.jpg,4
4%_cropped_frame0138.jpg,4
4%_cropped_frame0139.jpg,4
4%_cropped_frame0140.jpg,4
4%_cropped_frame0141.jpg,4
4%_cropped_frame0142.jpg,4
4%_cropped_frame0143.jpg,4
4%_cropped_frame0144.jpg,4
4%_cropped_frame0145.jpg,4
4%_cropped_frame0146.jpg,4
4%_cropped_frame0147.jpg,4
4%_cropped_frame0148.jpg,4
4%_cropped_frame0149.jpg,4
4%_cropped_frame0150.jpg,4
4%_cropped_frame0151.jpg,4
4%_cropped_frame0152.jpg,4
4%_cropped_frame0153.jpg,4
4%_cropped_frame0154.jpg,4
4%_cropped_frame0155.jpg,4
4%_cropped_frame0156.jpg,4
4%_cropped_frame0157.jpg,4
4%_cropped_frame0158.jpg,4
4%_cropped_frame0159.jpg,4
4%_cropped_frame0160.jpg,4
4%_cropped_frame0161.jpg,4
4%_cropped_frame0162.jpg,4
4%_cropped_frame0163.jpg,4
4%_cropped_frame0164.jpg,4
4%_cropped_frame0165.jpg,4
4%_cropped_frame0166.jpg,4
4%_cropped_frame0167.jpg,4
4%_cropped_frame0168.jpg,4
4%_cropped_frame0169.jpg,4
4%_cropped_frame0170.jpg,4
4%_cropped_frame0171.jpg,4
4%_cropped_frame0172.jpg,4
4%_cropped_frame0173.jpg,4
4%_cropped_frame0174.jpg,4
4%_cropped_frame0175.jpg,4
4%_cropped_frame0176.jpg,4
4%_cropped_frame0177.jpg,4
4%_cropped_frame0178.jpg,4
4%_cropped_frame0179.jpg,4
4%_cropped_frame0180.jpg,4
4%_cropped_frame0181.jpg,4
4%_cropped_frame0182.jpg,4
4%_cropped_frame0183.jpg,4
4%_cropped_frame0184.jpg,4
4%_cropped_frame0185.jpg,4
4%_cropped_frame0186.jpg,4
4%_cropped_frame0187.jpg,4
4%_cropped_frame0188.jpg,4
4%_cropped_frame0189.jpg,4
4%_cropped_frame0190.jpg,4
4%_cropped_frame0191.jpg,4
4%_cropped_frame0192.jpg,4
4%_cropped_frame0193.jpg,4
4%_cropped_frame0194.jpg,4
4%_cropped_frame0195.jpg,4
4%_cropped_frame0196.jpg,4
4%_cropped_frame0197.jpg,4
4%_cropped_frame0198.jpg,4
4%_cropped_frame0199.jpg,4
6%_cropped_frame0000.jpg,6
6%_cropped_frame0001.jpg,6
6%_cropped_frame0002.jpg,6
6%_cropped_frame0003.jpg,6
6%_cropped_frame0004.jpg,6
6%_cropped_frame0005.jpg,6
6%_cropped_frame0006.jpg,6
6%_cropped_frame0007.jpg,6
6%_cropped_frame0008.jpg,6
6%_cropped_frame0009.jpg,6
6%_cropped_frame0010.jpg,6
6%_cropped_frame0011.jpg,6
6%_cropped_frame0012.jpg,6
6%_cropped_frame0013.jpg,6
6%_cropped_frame0014.jpg,6
6%_cropped_frame0015.jpg,6
6%_cropped_frame0016.jpg,6
6%_cropped_frame0017.jpg,6
6%_cropped_frame0018.jpg,6
6%_cropped_frame0019.jpg,6
6%_cropped_frame0020.jpg,6
6%_cropped_frame0021.jpg,6
6%_cropped_frame0022.jpg,6
6%_cropped_frame0023.jpg,6
6%_cropped_frame0024.jpg,6
6%_cropped_frame0025.jpg,6
6%_cropped_frame0026.jpg,6
6%_cropped_frame0027.jpg,6
6%_cropped_frame0028.jpg,6
6%_cropped_frame0029.jpg,6
6%_cropped_frame0030.jpg,6
6%_cropped_frame0031.jpg,6
6%_cropped_frame0032.jpg,6
6%_cropped_frame0033.jpg,6
6%_cropped_frame0034.jpg,6
6%_cropped_frame0035.jpg,6
6%_cropped_frame0036.jpg,6
6%_cropped_frame0037.jpg,6
6%_cropped_frame0038.jpg,6
6%_cropped_frame0039.jpg,6
6%_cropped_frame0040.jpg,6
6%_cropped_frame0041.jpg,6
6%_cropped_frame0042.jpg,6
6%_cropped_frame0043.jpg,6
6%_cropped_frame0044.jpg,6
6%_cropped_frame0045.jpg,6
6%_cropped_frame0046.jpg,6
6%_cropped_frame0047.jpg,6
6%_cropped_frame0048.jpg,6
6%_cropped_frame0049.jpg,6
6%_cropped_frame0050.jpg,6
6%_cropped_frame0051.jpg,6
6%_cropped_frame0052.jpg,6
6%_cropped_frame0053.jpg,6
6%_cropped_frame0054.jpg,6
6%_cropped_frame0055.jpg,6
6%_cropped_frame0056.jpg,6
6%_cropped_frame0057.jpg,6
6%_cropped_frame0058.jpg,6
6%_cropped_frame0059.jpg,6
6%_cropped_frame0060.jpg,6
6%_cropped_frame0061.jpg,6
6%_cropped_frame0062.jpg,6
6%_cropped_frame0063.jpg,6
6%_cropped_frame0064.jpg,6
6%_cropped_frame0065.jpg,6
6%_cropped_frame0066.jpg,6
6%_cropped_frame0067.jpg,6
6%_cropped_frame0068.jpg,6
6%_cropped_frame0069.jpg,6
6%_cropped_frame0070.jpg,6
6%_cropped_frame0071.jpg,6
6%_cropped_frame0072.jpg,6
6%_cropped_frame0073.jpg,6
6%_cropped_frame0074.jpg,6
6%_cropped_frame0075.jpg,6
6%_cropped_frame0076.jpg,6
6%_cropped_frame0077.jpg,6
6%_cropped_frame0078.jpg,6
6%_cropped_frame0079.jpg,6
6%_cropped_frame0080.jpg,6
6%_cropped_frame0081.jpg,6
6%_cropped_frame0082.jpg,6
6%_cropped_frame0083.jpg,6
6%_cropped_frame0084.jpg,6
6%_cropped_frame0085.jpg,6
6%_cropped_frame0086.jpg,6
6%_cropped_frame0087.jpg,6
6%_cropped_frame0088.jpg,6
6%_cropped_frame0089.jpg,6
6%_cropped_frame0090.jpg,6
6%_cropped_frame0091.jpg,6
6%_cropped_frame0092.jpg,6
6%_cropped_frame0093.jpg,6
6%_cropped_frame0094.jpg,6
6%_cropped_frame0095.jpg,6
6%_cropped_frame0096.jpg,6
6%_cropped_frame0097.jpg,6
6%_cropped_frame0098.jpg,6
6%_cropped_frame0099.jpg,6
6%_cropped_frame0100.jpg,6
6%_cropped_frame0101.jpg,6
6%_cropped_frame0102.jpg,6
6%_cropped_frame0103.jpg,6
6%_cropped_frame0104.jpg,6
6%_cropped_frame0105.jpg,6
6%_cropped_frame0106.jpg,6
6%_cropped_frame0107.jpg,6
6%_cropped_frame0108.jpg,6
6%_cropped_frame0109.jpg,6
6%_cropped_frame0110.jpg,6
6%_cropped_frame0111.jpg,6
6%_cropped_frame0112.jpg,6
6%_cropped_frame0113.jpg,6
6%_cropped_frame0114.jpg,6
6%_cropped_frame0115.jpg,6
6%_cropped_frame0116.jpg,6
6%_cropped_frame0117.jpg,6
6%_cropped_frame0118.jpg,6
6%_cropped_frame0119.jpg,6
6%_cropped_frame0120.jpg,6
6%_cropped_frame0121.jpg,6
6%_cropped_frame0122.jpg,6
6%_cropped_frame0123.jpg,6
6%_cropped_frame0124.jpg,6
6%_cropped_frame0125.jpg,6
6%_cropped_frame0126.jpg,6
6%_cropped_frame0127.jpg,6
6%_cropped_frame0128.jpg,6
6%_cropped_frame0129.jpg,6
6%_cropped_frame0130.jpg,6
6%_cropped_frame0131.jpg,6
6%_cropped_frame0132.jpg,6
6%_cropped_frame0133.jpg,6
6%_cropped_frame0134.jpg,6
6%_cropped_frame0135.jpg,6
6%_cropped_frame0136.jpg,6
6%_cropped_frame0137.jpg,6
6%_cropped_frame0138.jpg,6
6%_cropped_frame0139.jpg,6
6%_cropped_frame0140.jpg,6
6%_cropped_frame0141.jpg,6
6%_cropped_frame0142.jpg,6
6%_cropped_frame0143.jpg,6
6%_cropped_frame0144.jpg,6
6%_cropped_frame0145.jpg,6
6%_cropped_frame0146.jpg,6
6%_cropped_frame0147.jpg,6
6%_cropped_frame0148.jpg,6
6%_cropped_frame0149.jpg,6
6%_cropped_frame0150.jpg,6
6%_cropped_frame0151.jpg,6
6%_cropped_frame0152.jpg,6
6%_cropped_frame0153.jpg,6
6%_cropped_frame0154.jpg,6
6%_cropped_frame0155.jpg,6
6%_cropped_frame0156.jpg,6
6%_cropped_frame0157.jpg,6
6%_cropped_frame0158.jpg,6
6%_cropped_frame0159.jpg,6
6%_cropped_frame0160.jpg,6
6%_cropped_frame0161.jpg,6
6%_cropped_frame0162.jpg,6
6%_cropped_frame0163.jpg,6
6%_cropped_frame0164.jpg,6
6%_cropped_frame0165.jpg,6
6%_cropped_frame0166.jpg,6
6%_cropped_frame0167.jpg,6
6%_cropped_frame0168.jpg,6
6%_cropped_frame0169.jpg,6
6%_cropped_frame0170.jpg,6
6%_cropped_frame0171.jpg,6
6%_cropped_frame0172.jpg,6
6%_cropped_frame0173.jpg,6
6%_cropped_frame0174.jpg,6
6%_cropped_frame0175.jpg,6
6%_cropped_frame0176.jpg,6
6%_cropped_frame0177.jpg,6
6%_cropped_frame0178.jpg,6
6%_cropped_frame0179.jpg,6
6%_cropped_frame0180.jpg,6
6%_cropped_frame0181.jpg,6
6%_cropped_frame0182.jpg,6
6%_cropped_frame0183.jpg,6
6%_cropped_frame0184.jpg,6
6%_cropped_frame0185.jpg,6
6%_cropped_frame0186.jpg,6
6%_cropped_frame0187.jpg,6
6%_cropped_frame0188.jpg,6
6%_cropped_frame0189.jpg,6
6%_cropped_frame0190.jpg,6
6%_cropped_frame0191.jpg,6
6%_cropped_frame0192.jpg,6
6%_cropped_frame0193.jpg,6
6%_cropped_frame0194.jpg,6
6%_cropped_frame0195.jpg,6
6%_cropped_frame0196.jpg,6
6%_cropped_frame0197.jpg,6
6%_cropped_frame0198.jpg,6
6%_cropped_frame0199.jpg,6
6%_cropped_frame0200.jpg,6
6%_cropped_frame0201.jpg,6
6%_cropped_frame0202.jpg,6
6%_cropped_frame0203.jpg,6
6%_cropped_frame0204.jpg,6
6%_cropped_frame0205.jpg,6
6%_cropped_frame0206.jpg,6
6%_cropped_frame0207.jpg,6
6%_cropped_frame0208.jpg,6
6%_cropped_frame0209.jpg,6
6%_cropped_frame0210.jpg,6
6%_cropped_frame0211.jpg,6
6%_cropped_frame0212.jpg,6
6%_cropped_frame0213.jpg,6
6%_cropped_frame0214.jpg,6
6%_cropped_frame0215.jpg,6
6%_cropped_frame0216.jpg,6
6%_cropped_frame0217.jpg,6
6%_cropped_frame0218.jpg,6
6%_cropped_frame0219.jpg,6
6%_cropped_frame0220.jpg,6
6%_cropped_frame0221.jpg,6
6%_cropped_frame0222.jpg,6
6%_cropped_frame0223.jpg,6
6%_cropped_frame0224.jpg,6
6%_cropped_frame0225.jpg,6
6%_cropped_frame0226.jpg,6
6%_cropped_frame0227.jpg,6
6%_cropped_frame0228.jpg,6
6%_cropped_frame0229.jpg,6
6%_cropped_frame0230.jpg,6
6%_cropped_frame0231.jpg,6
6%_cropped_frame0232.jpg,6
6%_cropped_frame0233.jpg,6
6%_cropped_frame0234.jpg,6
6%_cropped_frame0235.jpg,6
6%_cropped_frame0236.jpg,6
6%_cropped_frame0237.jpg,6
6%_cropped_frame0238.jpg,6
6%_cropped_frame0239.jpg,6
6%_cropped_frame0240.jpg,6
6%_cropped_frame0241.jpg,6
6%_cropped_frame0242.jpg,6
6%_cropped_frame0243.jpg,6
6%_cropped_frame0244.jpg,6
6%_cropped_frame0245.jpg,6
6%_cropped_frame0246.jpg,6
6%_cropped_frame0247.jpg,6
6%_cropped_frame0248.jpg,6
6%_cropped_frame0249.jpg,6
6%_cropped_frame0250.jpg,6
6%_cropped_frame0251.jpg,6
6%_cropped_frame0252.jpg,6
6%_cropped_frame0253.jpg,6
6%_cropped_frame0254.jpg,6
6%_cropped_frame0255.jpg,6
6%_cropped_frame0256.jpg,6
6%_cropped_frame0257.jpg,6
6%_cropped_frame0258.jpg,6
6%_cropped_frame0259.jpg,6
6%_cropped_frame0260.jpg,6
6%_cropped_frame0261.jpg,6
6%_cropped_frame0262.jpg,6
6%_cropped_frame0263.jpg,6
6%_cropped_frame0264.jpg,6
6%_cropped_frame0265.jpg,6
6%_cropped_frame0266.jpg,6
6%_cropped_frame0267.jpg,6
6%_cropped_frame0268.jpg,6
6%_cropped_frame0269.jpg,6
6%_cropped_frame0270.jpg,6
6%_cropped_frame0271.jpg,6
6%_cropped_frame0272.jpg,6
6%_cropped_frame0273.jpg,6
6%_cropped_frame0274.jpg,6
6%_cropped_frame0275.jpg,6
6%_cropped_frame0276.jpg,6
6%_cropped_frame0277.jpg,6
6%_cropped_frame0278.jpg,6
6%_cropped_frame0279.jpg,6
6%_cropped_frame0280.jpg,6
6%_cropped_frame0281.jpg,6
6%_cropped_frame0282.jpg,6
6%_cropped_frame0283.jpg,6
6%_cropped_frame0284.jpg,6
6%_cropped_frame0285.jpg,6
6%_cropped_frame0286.jpg,6
6%_cropped_frame0287.jpg,6
6%_cropped_frame0288.jpg,6
6%_cropped_frame0289.jpg,6
6%_cropped_frame0290.jpg,6
6%_cropped_frame0291.jpg,6
6%_cropped_frame0292.jpg,6
6%_cropped_frame0293.jpg,6
6%_cropped_frame0294.jpg,6
6%_cropped_frame0295.jpg,6
6%_cropped_frame0296.jpg,6
6%_cropped_frame0297.jpg,6
6%_cropped_frame0298.jpg,6
6%_cropped_frame0299.jpg,6
6%_cropped_frame0300.jpg,6
6%_cropped_frame0301.jpg,6
6%_cropped_frame0302.jpg,6
6%_cropped_frame0303.jpg,6
6%_cropped_frame0304.jpg,6
6%_cropped_frame0305.jpg,6
6%_cropped_frame0306.jpg,6
6%_cropped_frame0307.jpg,6
6%_cropped_frame0308.jpg,6
6%_cropped_frame0309.jpg,6
8%_cropped_frame0000.jpg,8
8%_cropped_frame0001.jpg,8
8%_cropped_frame0002.jpg,8
8%_cropped_frame0003.jpg,8
8%_cropped_frame0004.jpg,8
8%_cropped_frame0005.jpg,8
8%_cropped_frame0006.jpg,8
8%_cropped_frame0007.jpg,8
8%_cropped_frame0008.jpg,8
8%_cropped_frame0009.jpg,8
8%_cropped_frame0010.jpg,8
8%_cropped_frame0011.jpg,8
8%_cropped_frame0012.jpg,8
8%_cropped_frame0013.jpg,8
8%_cropped_frame0014.jpg,8
8%_cropped_frame0015.jpg,8
8%_cropped_frame0016.jpg,8
8%_cropped_frame0017.jpg,8
8%_cropped_frame0018.jpg,8
8%_cropped_frame0019.jpg,8
8%_cropped_frame0020.jpg,8
8%_cropped_frame0021.jpg,8
8%_cropped_frame0022.jpg,8
8%_cropped_frame0023.jpg,8
8%_cropped_frame0024.jpg,8
8%_cropped_frame0025.jpg,8
8%_cropped_frame0026.jpg,8
8%_cropped_frame0027.jpg,8
8%_cropped_frame0028.jpg,8
8%_cropped_frame0029.jpg,8
8%_cropped_frame0030.jpg,8
8%_cropped_frame0031.jpg,8
8%_cropped_frame0032.jpg,8
8%_cropped_frame0033.jpg,8
8%_cropped_frame0034.jpg,8
8%_cropped_frame0035.jpg,8
8%_cropped_frame0036.jpg,8
8%_cropped_frame0037.jpg,8
8%_cropped_frame0038.jpg,8
8%_cropped_frame0039.jpg,8
8%_cropped_frame0040.jpg,8
8%_cropped_frame0041.jpg,8
8%_cropped_frame0042.jpg,8
8%_cropped_frame0043.jpg,8
8%_cropped_frame0044.jpg,8
8%_cropped_frame0045.jpg,8
8%_cropped_frame0046.jpg,8
8%_cropped_frame0047.jpg,8
8%_cropped_frame0048.jpg,8
8%_cropped_frame0049.jpg,8
8%_cropped_frame0050.jpg,8
8%_cropped_frame0051.jpg,8
8%_cropped_frame0052.jpg,8
8%_cropped_frame0053.jpg,8
8%_cropped_frame0054.jpg,8
8%_cropped_frame0055.jpg,8
8%_cropped_frame0056.jpg,8
8%_cropped_frame0057.jpg,8
8%_cropped_frame0058.jpg,8
8%_cropped_frame0059.jpg,8
8%_cropped_frame0060.jpg,8
8%_cropped_frame0061.jpg,8
8%_cropped_frame0062.jpg,8
8%_cropped_frame0063.jpg,8
8%_cropped_frame0064.jpg,8
8%_cropped_frame0065.jpg,8
8%_cropped_frame0066.jpg,8
8%_cropped_frame0067.jpg,8
8%_cropped_frame0068.jpg,8
8%_cropped_frame0069.jpg,8
8%_cropped_frame0070.jpg,8
8%_cropped_frame0071.jpg,8
8%_cropped_frame0072.jpg,8
8%_cropped_frame0073.jpg,8
8%_cropped_frame0074.jpg,8
8%_cropped_frame0075.jpg,8
8%_cropped_frame0076.jpg,8
8%_cropped_frame0077.jpg,8
8%_cropped_frame0078.jpg,8
8%_cropped_frame0079.jpg,8
8%_cropped_frame0080.jpg,8
8%_cropped_frame0081.jpg,8
8%_cropped_frame0082.jpg,8
8%_cropped_frame0083.jpg,8
8%_cropped_frame0084.jpg,8
8%_cropped_frame0085.jpg,8
8%_cropped_frame0086.jpg,8
8%_cropped_frame0087.jpg,8
8%_cropped_frame0088.jpg,8
8%_cropped_frame0089.jpg,8
8%_cropped_frame0090.jpg,8
8%_cropped_frame0091.jpg,8
8%_cropped_frame0092.jpg,8
8%_cropped_frame0093.jpg,8
8%_cropped_frame0094.jpg,8
8%_cropped_frame0095.jpg,8
8%_cropped_frame0096.jpg,8
8%_cropped_frame0097.jpg,8
8%_cropped_frame0098.jpg,8
8%_cropped_frame0099.jpg,8
8%_cropped_frame0100.jpg,8
8%_cropped_frame0101.jpg,8
8%_cropped_frame0102.jpg,8
8%_cropped_frame0103.jpg,8
8%_cropped_frame0104.jpg,8
8%_cropped_frame0105.jpg,8
8%_cropped_frame0106.jpg,8
8%_cropped_frame0107.jpg,8
8%_cropped_frame0108.jpg,8
8%_cropped_frame0109.jpg,8
8%_cropped_frame0110.jpg,8
8%_cropped_frame0111.jpg,8
8%_cropped_frame0112.jpg,8
8%_cropped_frame0113.jpg,8
8%_cropped_frame0114.jpg,8
8%_cropped_frame0115.jpg,8
8%_cropped_frame0116.jpg,8
8%_cropped_frame0117.jpg,8
8%_cropped_frame0118.jpg,8
8%_cropped_frame0119.jpg,8
8%_cropped_frame0120.jpg,8
8%_cropped_frame0121.jpg,8
8%_cropped_frame0122.jpg,8
8%_cropped_frame0123.jpg,8
8%_cropped_frame0124.jpg,8
8%_cropped_frame0125.jpg,8
8%_cropped_frame0126.jpg,8
8%_cropped_frame0127.jpg,8
8%_cropped_frame0128.jpg,8
8%_cropped_frame0129.jpg,8
8%_cropped_frame0130.jpg,8
8%_cropped_frame0131.jpg,8
8%_cropped_frame0132.jpg,8
8%_cropped_frame0133.jpg,8
8%_cropped_frame0134.jpg,8
8%_cropped_frame0135.jpg,8
8%_cropped_frame0136.jpg,8
8%_cropped_frame0137.jpg,8
8%_cropped_frame0138.jpg,8
8%_cropped_frame0139.jpg,8
8%_cropped_frame0140.jpg,8
8%_cropped_frame0141.jpg,8
8%_cropped_frame0142.jpg,8
8%_cropped_frame0143.jpg,8
8%_cropped_frame0144.jpg,8
8%_cropped_frame0145.jpg,8
8%_cropped_frame0146.jpg,8
8%_cropped_frame0147.jpg,8
8%_cropped_frame0148.jpg,8
8%_cropped_frame0149.jpg,8
8%_cropped_frame0150.jpg,8
8%_cropped_frame0151.jpg,8
8%_cropped_frame0152.jpg,8
8%_cropped_frame0153.jpg,8
8%_cropped_frame0154.jpg,8
8%_cropped_frame0155.jpg,8
8%_cropped_frame0156.jpg,8
8%_cropped_frame0157.jpg,8
8%_cropped_frame0158.jpg,8
8%_cropped_frame0159.jpg,8
8%_cropped_frame0160.jpg,8
8%_cropped_frame0161.jpg,8
8%_cropped_frame0162.jpg,8
8%_cropped_frame0163.jpg,8
8%_cropped_frame0164.jpg,8
8%_cropped_frame0165.jpg,8
8%_cropped_frame0166.jpg,8
8%_cropped_frame0167.jpg,8
8%_cropped_frame0168.jpg,8
8%_cropped_frame0169.jpg,8
8%_cropped_frame0170.jpg,8
8%_cropped_frame0171.jpg,8
8%_cropped_frame0172.jpg,8
8%_cropped_frame0173.jpg,8
8%_cropped_frame0174.jpg,8
8%_cropped_frame0175.jpg,8
8%_cropped_frame0176.jpg,8
8%_cropped_frame0177.jpg,8
8%_cropped_frame0178.jpg,8
8%_cropped_frame0179.jpg,8
8%_cropped_frame0180.jpg,8
8%_cropped_frame0181.jpg,8
8%_cropped_frame0182.jpg,8
8%_cropped_frame0183.jpg,8
8%_cropped_frame0184.jpg,8
8%_cropped_frame0185.jpg,8
8%_cropped_frame0186.jpg,8
8%_cropped_frame0187.jpg,8
8%_cropped_frame0188.jpg,8
8%_cropped_frame0189.jpg,8
